transaction_id,transaction_datetime,transaction_type,amount,origin_account,destination_account,old_balance_origin,new_balance_origin,old_balance_destination,new_balance_destination,is_fraud,is_flagged_fraud,merchant_category,location,channel
TXN-51bce038-2433-475e-9465-9e50398627bc,2025-01-01 00:28:02,CASH_IN,1679.51,ACC77202790,ACC60232033,14325.78,16005.29,5871.47,5871.47,0,0,travel,Sheffield,mobile_app
TXN-d97bec78-1528-4622-8bc1-60fa575f9802,2025-01-01 05:49:31,DEBIT,1408.43,ACC86758847,ACC39233657,7865.91,6457.48,18216.55,19624.98,0,0,groceries,Newcastle,branch
TXN-fd06d66b-d762-4f01-8dd8-a5d7ec632d24,2025-01-01 13:38:25,CASH_OUT,4158.7,ACC40056261,ACC78123659,16426.32,12267.62,21115.05,25273.75,0,0,restaurants,Liverpool,branch
TXN-6c15425b-4d70-42e3-8d4d-fb6d18fd4fd7,2025-01-01 14:52:25,TRANSFER,6621.26,ACC70465583,ACC89699989,3225.44,0.0,5214.41,11835.67,0,0,travel,Liverpool,atm
TXN-9d10e5f1-bc40-4b22-b189-4e1413f6a773,2025-01-01 16:24:15,CASH_IN,585.76,ACC26873477,ACC95133372,19402.52,19988.28,12191.6,12191.6,0,0,travel,Glasgow,atm
TXN-75551a7c-08df-40c2-bac4-d69ed95d70ae,2025-01-01 19:09:05,TRANSFER,8234.59,ACC86609843,ACC34235540,11308.62,3074.03,19894.13,28128.72,0,0,financial_services,Manchester,card_terminal
TXN-888bbee1-c2f3-4bc9-b9b0-b02d6516bba4,2025-01-01 22:23:04,DEBIT,1581.73,ACC57354167,ACC42287985,11543.44,9961.71,21556.33,23138.06,0,0,financial_services,Birmingham,mobile_app
TXN-6c03e7db-8225-4ba9-9617-5ff98dcf2e5a,2025-01-01 23:38:16,DEBIT,237.51,ACC67914523,ACC80067590,13221.91,12984.4,27059.54,27297.05,0,0,financial_services,Bristol,mobile_app
TXN-36040359-e63f-4b18-b8f7-f6f2cd2b2e16,2025-01-01 23:56:40,CASH_OUT,3266.57,ACC82825679,ACC72005415,19406.68,16140.11,12125.25,15391.82,0,0,financial_services,London,atm
TXN-547d1c0f-81f6-4df0-856e-55ba28345e99,2025-01-02 00:20:31,PAYMENT,624.62,ACC24272571,ACC82795691,1763.55,1138.93,4279.07,4903.69,0,0,retail,Edinburgh,online_banking
TXN-2a5186ca-4185-4b14-99b7-7c2011d9f811,2025-01-02 02:14:43,DEBIT,628.38,ACC39835008,ACC27544302,9294.66,8666.28,24116.9,24745.28,0,0,utilities,Sheffield,card_terminal
TXN-a680ab00-5ee4-400a-b8bf-0c532b5f2e82,2025-01-02 03:14:25,DEBIT,2276.34,ACC24821786,ACC87061479,13795.26,11518.92,14419.92,16696.26,0,0,travel,Birmingham,branch
TXN-ed0d919c-706a-478f-be32-c39a7e7569a6,2025-01-02 06:16:17,PAYMENT,2268.41,ACC94914383,ACC16705248,12405.6,10137.19,7280.48,9548.89,0,0,restaurants,Manchester,branch
TXN-956e9c06-2834-4bb8-b573-1323daad42d5,2025-01-02 12:16:25,TRANSFER,3340.31,ACC49597485,ACC86206305,14649.27,11308.96,19448.56,22788.87,0,0,utilities,Birmingham,mobile_app
TXN-8cbd3235-3149-4748-bbda-9324c5c0fcc8,2025-01-02 18:48:35,CASH_OUT,3436.37,ACC35643159,ACC21490777,17618.37,14182.0,21035.51,24471.88,0,0,utilities,Edinburgh,atm
TXN-67294aec-18c6-445a-8fe1-e7ea51dbb9cf,2025-01-02 23:25:31,CASH_OUT,1529.11,ACC31062435,ACC77856130,16546.11,15017.0,26761.86,28290.97,0,0,travel,Nottingham,branch
TXN-f503558e-6785-4b33-8be5-c8addd5fdbd2,2025-01-03 01:09:01,CASH_IN,2533.88,ACC67768169,ACC25989909,10894.52,13428.4,24284.45,24284.45,0,0,financial_services,Nottingham,branch
TXN-b4534137-eec7-4234-88d1-ba4f0f6fd660,2025-01-03 06:04:40,PAYMENT,173.93,ACC90417043,ACC46795607,8438.18,8264.25,27939.97,28113.9,0,0,entertainment,Liverpool,branch
TXN-c2402570-4b20-458c-82ca-16c8e08540c4,2025-01-03 08:45:44,PAYMENT,2024.65,ACC37659807,ACC19031632,8442.89,6418.24,22981.6,25006.25,0,0,transport,Cardiff,mobile_app
TXN-66772d6d-db40-4fbc-b091-4c2bb6132cd8,2025-01-03 10:59:36,TRANSFER,9718.86,ACC51200201,ACC77388734,11579.04,1860.18,431.13,10149.99,0,0,transport,Edinburgh,online_banking
TXN-5ad36a97-6cb8-4f6d-9480-25742c2ee904,2025-01-03 13:11:40,DEBIT,1759.22,ACC84943752,ACC73609317,4780.34,3021.12,85.98,1845.2,0,0,entertainment,Manchester,online_banking
TXN-ca8cf3e2-1b9f-4316-91b9-f11e5dfb36f2,2025-01-03 13:42:42,CASH_OUT,4856.11,ACC88249598,ACC99057266,14625.48,9769.37,4240.42,9096.53,0,0,healthcare,London,card_terminal
TXN-e98a8b2a-64ff-4fc2-964b-903abddcbb0a,2025-01-03 18:07:14,CASH_OUT,396.87,ACC29978882,ACC97626101,1501.21,1104.34,21826.35,22223.22,0,0,groceries,London,mobile_app
TXN-de901c29-d766-4ef9-90fa-5f5d2bbc6559,2025-01-03 20:20:07,TRANSFER,8770.08,ACC96853189,ACC92141673,18900.67,10130.59,26530.24,35300.32,0,0,utilities,Manchester,branch
TXN-ae3779cc-bc2d-467d-9675-da44784ee303,2025-01-04 08:12:53,CASH_IN,45.69,ACC66884191,ACC19991216,3972.7,4018.39,2454.27,2454.27,0,0,utilities,Leeds,atm
TXN-bc332bdf-8fdf-467e-9d6e-4d3b7ac7cb36,2025-01-04 08:20:16,CASH_OUT,5232.68,ACC54462343,ACC56000229,19553.59,14320.91,19441.39,24674.07,0,0,utilities,Leeds,mobile_app
TXN-6f267f03-24f2-4450-baf1-6b8f32bb4ca5,2025-01-04 14:27:17,TRANSFER,1074.94,ACC80327779,ACC21173787,1369.47,294.53,26360.73,27435.67,0,0,transport,Liverpool,branch
TXN-9fb5e3fb-7f1e-49ec-b0bc-48f596cc6046,2025-01-04 15:19:30,CASH_OUT,4692.2,ACC21868737,ACC28869078,19232.79,14540.59,13838.52,18530.72,0,0,restaurants,Leeds,branch
TXN-25835806-b5b5-4b4f-8efd-12552cababd4,2025-01-04 16:48:25,PAYMENT,503.5,ACC38138531,ACC68848427,19945.57,19442.07,5397.82,5901.32,0,0,restaurants,Edinburgh,card_terminal
TXN-51813bf8-0935-421b-ba82-49a7414a2ad3,2025-01-04 17:34:23,PAYMENT,1963.44,ACC77116153,ACC30679969,15578.03,13614.59,27400.62,29364.06,0,0,utilities,Bristol,atm
TXN-a9a94832-4e95-4d0c-b81c-06f86f7a63a1,2025-01-04 17:59:49,CASH_OUT,2476.44,ACC53622663,ACC34406132,9347.7,6871.26,18309.95,20786.39,0,0,travel,Leeds,branch
TXN-6204b548-1420-4a47-a5a1-ca7ccd2e6faa,2025-01-04 21:43:58,PAYMENT,1461.34,ACC73698420,ACC45638891,15955.42,14494.08,21759.73,23221.07,0,0,utilities,Edinburgh,branch
TXN-218a5429-86f5-4f1c-aef2-76b3ea3379c0,2025-01-05 10:47:54,CASH_IN,4304.71,ACC67163632,ACC46210517,1506.9,5811.61,26803.03,26803.03,0,0,healthcare,Cardiff,mobile_app
TXN-7179045c-013e-4944-bc74-f171b189ddb3,2025-01-05 22:01:50,TRANSFER,2398.15,ACC30594121,ACC70387584,12938.74,10540.59,10864.52,13262.67,0,0,retail,Bristol,mobile_app
TXN-7db19bcd-bf6a-4724-9c5e-9c754c609629,2025-01-06 02:12:08,CASH_OUT,4839.92,ACC27137020,ACC51831217,12454.93,7615.01,5577.7,10417.62,0,0,financial_services,Newcastle,branch
TXN-413c233a-c48d-42db-82be-51b2fa006114,2025-01-06 09:59:28,CASH_IN,4070.7,ACC66537506,ACC26006675,4043.19,8113.89,1489.79,1489.79,0,0,transport,Nottingham,atm
TXN-548aa825-3080-494d-993c-c78842fbeaf7,2025-01-06 11:41:05,CASH_OUT,2441.46,ACC61186964,ACC25216804,12881.06,10439.6,27558.22,29999.68,0,0,financial_services,Liverpool,branch
TXN-f210b643-f316-4269-87b6-5e6a327d94d2,2025-01-06 16:04:10,PAYMENT,1938.91,ACC83330295,ACC39332201,16483.33,14544.42,11005.85,12944.76,0,0,financial_services,Manchester,atm
TXN-8e9aef8e-647d-45f1-bc7a-f9458e231734,2025-01-06 16:22:27,DEBIT,964.28,ACC86726461,ACC97488142,11648.56,10684.28,28626.94,29591.22,0,0,utilities,Bristol,card_terminal
TXN-c54f4539-69fa-4e22-8219-82c525e3823d,2025-01-06 17:53:38,TRANSFER,4470.08,ACC13122340,ACC55628196,16157.73,11687.65,18205.64,22675.72,0,0,financial_services,Birmingham,card_terminal
TXN-900cb1dc-4b47-41e3-9055-57fa300dc680,2025-01-06 18:54:44,CASH_OUT,1757.45,ACC49379055,ACC98470632,19544.35,17786.9,19744.78,21502.23,0,0,healthcare,Nottingham,card_terminal
TXN-a3fb6f8f-cba2-4145-aad9-992372cb8e0f,2025-01-06 20:28:51,PAYMENT,1905.26,ACC39698906,ACC29585415,6472.64,4567.38,6093.82,7999.08,0,0,groceries,Liverpool,branch
TXN-41d153c5-ac23-4f6e-b0c2-528566f68c3f,2025-01-07 03:08:07,CASH_IN,667.77,ACC67239263,ACC62602177,9467.64,10135.41,20264.88,20264.88,0,0,entertainment,Edinburgh,mobile_app
TXN-8e64cb5b-bd79-4a9b-b520-27ed560c861d,2025-01-07 04:36:54,PAYMENT,1976.01,ACC66500369,ACC80610004,4834.84,2858.83,9713.14,11689.15,0,0,transport,Edinburgh,atm
TXN-9368068c-af6b-42fd-b246-d3551c8a139f,2025-01-07 11:06:38,CASH_OUT,4884.96,ACC48048350,ACC38934853,15844.95,10959.99,4264.19,9149.15,0,0,entertainment,Edinburgh,atm
TXN-0b45bb49-ef7a-41f4-9b7a-1e39b0589765,2025-01-07 12:09:18,PAYMENT,1465.14,ACC11056868,ACC23779264,4106.63,2641.49,17082.91,18548.05,0,0,financial_services,Sheffield,branch
TXN-34ef5305-0655-4fec-9252-8ac247386fe7,2025-01-07 14:17:46,DEBIT,935.91,ACC26902822,ACC64081976,12455.71,11519.8,26997.37,27933.28,0,0,groceries,Nottingham,card_terminal
TXN-0a59191e-5846-42e9-b24a-ea68a30c3431,2025-01-07 15:56:26,CASH_OUT,8541.41,ACC71355706,ACC24888885,17486.54,8945.13,18128.68,26670.09,0,0,transport,Cardiff,online_banking
TXN-5bb7e985-056f-45c1-bf1f-b0951c165a40,2025-01-07 20:08:32,CASH_IN,4781.83,ACC68090825,ACC88533572,2779.26,7561.09,14964.86,14964.86,0,0,travel,Newcastle,card_terminal
TXN-832e5e29-8d07-448b-b3eb-17e7bfd9b2c1,2025-01-07 23:05:47,TRANSFER,6316.34,ACC28996104,ACC37409946,1385.88,0.0,14749.27,21065.61,0,0,entertainment,Manchester,branch
TXN-7f3a088b-e87c-47bc-9e60-21f9bd72d161,2025-01-07 23:36:56,CASH_IN,2165.63,ACC61341304,ACC66718851,6741.42,8907.05,13240.22,13240.22,0,0,utilities,Liverpool,card_terminal
TXN-db00f437-1c41-4ad3-a9a6-aadc601d7220,2025-01-08 06:02:27,PAYMENT,565.9,ACC51286958,ACC89865458,3064.89,2498.99,7968.97,8534.87,0,0,restaurants,Nottingham,card_terminal
TXN-aa11fad5-df58-4179-935a-72ff7916c159,2025-01-08 08:46:11,PAYMENT,2323.1,ACC86149359,ACC20570592,17586.57,15263.47,24949.97,27273.07,0,0,transport,Edinburgh,mobile_app
TXN-531c4b12-8317-4cb7-a2c6-a7eb4cf4bc17,2025-01-08 10:12:59,TRANSFER,9756.78,ACC28320921,ACC24912833,4124.0,0.0,3816.35,13573.13,0,0,travel,Nottingham,atm
TXN-53a44663-5ffb-4e82-973d-0a4735c592f0,2025-01-08 11:35:24,DEBIT,1234.98,ACC72387558,ACC84238655,15072.56,13837.58,11551.46,12786.44,0,0,financial_services,Manchester,online_banking
TXN-5d04fb59-8c56-4f55-bae0-3dbf6e6fdccc,2025-01-08 12:07:45,DEBIT,1579.54,ACC30495346,ACC38268009,4392.53,2812.99,8744.85,10324.39,0,0,utilities,Edinburgh,branch
TXN-71f8eb31-060d-43c1-9d0a-a73baf9a4792,2025-01-08 12:57:45,CASH_OUT,8177.63,ACC54326109,ACC23445578,18825.72,10648.09,19952.35,28129.98,0,0,groceries,Nottingham,atm
TXN-517cfa93-fbd7-4ede-ad60-e49695571a2c,2025-01-08 20:20:42,DEBIT,2022.69,ACC72059365,ACC51361818,9123.3,7100.61,15397.44,17420.13,0,0,groceries,Sheffield,branch
TXN-6abe1c22-5edb-48c7-a055-53ff3246b1d0,2025-01-08 22:08:31,CASH_OUT,4046.22,ACC96075527,ACC36192555,16833.45,12787.23,13379.18,17425.4,0,0,healthcare,Leeds,mobile_app
TXN-942960a6-8230-47c0-b181-a77a0cadf64f,2025-01-09 07:11:59,CASH_OUT,5844.12,ACC96702893,ACC69516344,5250.53,0.0,24382.41,30226.53,1,0,entertainment,Manchester,mobile_app
TXN-6e9ab96a-cd7b-4466-aec5-52d362f9885a,2025-01-09 08:22:02,DEBIT,423.47,ACC60762668,ACC61735818,13743.26,13319.79,27670.56,28094.03,0,0,entertainment,Manchester,atm
TXN-b8064f9d-a9fe-4fc1-8f0b-ddae6cf08347,2025-01-09 09:34:25,CASH_OUT,7725.73,ACC87396877,ACC94226031,684.19,0.0,24213.24,31938.97,0,0,transport,Nottingham,mobile_app
TXN-4f174449-f020-46d7-88b9-dc383e147bee,2025-01-09 15:06:17,DEBIT,350.24,ACC64707061,ACC54410148,4702.1,4351.86,20818.49,21168.73,0,0,healthcare,Nottingham,mobile_app
TXN-e9855d8b-1b54-47fb-949e-0c0479049b5c,2025-01-09 17:06:29,CASH_IN,4481.23,ACC22766765,ACC65710942,18368.89,22850.12,1173.61,1173.61,0,0,restaurants,Liverpool,mobile_app
TXN-267f2eac-b5b1-4d58-b608-186d34c1672a,2025-01-09 17:19:07,CASH_IN,2778.5,ACC59317149,ACC34064874,5882.73,8661.23,25660.97,25660.97,0,0,groceries,Glasgow,online_banking
TXN-81505938-a0a5-462f-a97e-de842c28fff2,2025-01-09 19:27:36,DEBIT,1436.83,ACC61866272,ACC35278389,7878.63,6441.8,11439.56,12876.39,0,0,travel,Manchester,card_terminal
TXN-1455f3b4-c71d-4371-b6a1-68f4db91efab,2025-01-09 19:42:11,CASH_OUT,7470.75,ACC18087373,ACC19263592,11608.39,4137.64,1358.69,8829.44,0,0,travel,London,mobile_app
TXN-6b413ea2-7597-4d64-b266-517cccc4a930,2025-01-09 23:08:03,PAYMENT,2211.17,ACC72312933,ACC50559278,11272.01,9060.84,27457.68,29668.85,0,0,financial_services,Manchester,card_terminal
TXN-3dae6d35-86d5-40e5-9688-554d5998e8b5,2025-01-10 00:04:45,CASH_OUT,6634.23,ACC29950518,ACC98027250,18664.35,12030.12,24321.58,30955.81,0,0,entertainment,Bristol,branch
TXN-5a4f8088-37b6-49b4-9e9b-5234214f7af5,2025-01-10 05:25:36,CASH_OUT,7425.25,ACC83227889,ACC14835614,11078.44,3653.19,12830.61,20255.86,1,0,retail,Cardiff,online_banking
TXN-f1a6104a-f056-4cb8-9e66-488b7fa927da,2025-01-10 08:20:08,PAYMENT,2043.69,ACC61414775,ACC21989814,19764.28,17720.59,12669.42,14713.11,0,0,transport,Manchester,atm
TXN-38d46fe3-b687-442a-9ed9-aadf0403ff32,2025-01-10 10:24:10,TRANSFER,7669.85,ACC41473195,ACC46468984,10473.87,2804.02,18802.45,26472.3,0,0,retail,Bristol,atm
TXN-c15d12b5-2c78-4f87-9cb4-17a578063ca4,2025-01-10 20:48:32,CASH_IN,1622.57,ACC60037465,ACC26025721,8383.51,10006.08,21608.64,21608.64,0,0,healthcare,Glasgow,online_banking
TXN-9f5b3c4a-c9e4-4020-978f-1a8737afac8a,2025-01-10 20:56:01,CASH_IN,208.67,ACC40554079,ACC44715141,1557.64,1766.31,5339.76,5339.76,0,0,financial_services,Sheffield,atm
TXN-107aa011-873e-487d-96e8-82dc00a4dc57,2025-01-11 05:16:54,CASH_OUT,4874.94,ACC89932574,ACC30689702,16007.5,11132.56,25860.43,30735.37,0,0,travel,Sheffield,online_banking
TXN-da3a7195-3e4b-4677-9a3d-6065245d6f7b,2025-01-11 17:14:31,DEBIT,503.19,ACC25503345,ACC51386492,612.14,108.95,5124.97,5628.16,0,0,financial_services,Nottingham,branch
TXN-0f8e34a5-70bd-4d3e-bf2d-3bd0bc425675,2025-01-11 18:11:57,CASH_IN,1898.3,ACC68238367,ACC96557984,9572.5,11470.8,19102.44,19102.44,0,0,retail,Cardiff,branch
TXN-62130d97-bf8e-4096-8627-26fe6a0b7879,2025-01-11 19:59:54,DEBIT,8.49,ACC45438604,ACC27933045,7014.49,7006.0,18154.79,18163.28,0,0,financial_services,Cardiff,mobile_app
TXN-597d80b2-a140-4a54-b414-22d0798b5c49,2025-01-11 20:35:07,CASH_IN,3429.79,ACC14142053,ACC39598969,8371.05,11800.84,25196.75,25196.75,0,0,restaurants,London,branch
TXN-81fa02b1-fcb6-49c1-8ce9-88337845d219,2025-01-11 23:37:58,TRANSFER,5580.12,ACC97411506,ACC20404976,13960.15,8380.03,14669.3,20249.42,0,0,healthcare,London,branch
TXN-590c3c7f-733d-4b17-8f61-7d2e5f4d685f,2025-01-12 02:19:59,CASH_IN,4025.76,ACC45311610,ACC39765498,16482.78,20508.54,14150.06,14150.06,0,0,retail,Manchester,mobile_app
TXN-49b0ac17-93c3-4255-9aaf-1bdd45ff82e0,2025-01-12 06:00:41,CASH_IN,4229.32,ACC87217700,ACC17705644,12730.07,16959.39,2300.8,2300.8,0,0,transport,Edinburgh,atm
TXN-fbe27c03-999a-4901-947b-957316529f64,2025-01-12 06:49:21,PAYMENT,2357.69,ACC67845091,ACC70242778,8950.24,6592.55,22840.39,25198.08,0,0,healthcare,Newcastle,mobile_app
TXN-91135d26-0be9-4e7d-b602-5bdbdf54fc09,2025-01-12 08:05:31,CASH_OUT,7641.04,ACC57685330,ACC39974566,3743.06,0.0,20391.37,28032.41,0,0,restaurants,Sheffield,card_terminal
TXN-550e80ca-39c7-4968-a458-91297bd70343,2025-01-12 10:14:59,PAYMENT,2320.48,ACC68743898,ACC61192463,2212.1,0.0,23606.76,25927.24,0,0,financial_services,Glasgow,atm
TXN-a2155653-d447-4aa9-8296-c8ec70ca6fd1,2025-01-12 10:44:40,PAYMENT,775.79,ACC53851498,ACC65767881,8872.38,8096.59,17387.21,18163.0,0,0,entertainment,Leeds,mobile_app
TXN-9f238aa6-dc49-4c11-9b0f-efc8bacd724b,2025-01-12 13:34:00,TRANSFER,3607.4,ACC55999465,ACC34544318,8810.52,5203.12,18654.21,22261.61,0,0,transport,Sheffield,atm
TXN-5a6bddb4-2f83-4efc-a591-f76bd5a5a2a4,2025-01-12 14:19:03,TRANSFER,9959.9,ACC77839607,ACC71368457,9389.62,0.0,26372.27,36332.17,0,0,utilities,Leeds,branch
TXN-ccd1ee4d-7b9c-429d-ab56-acbe1944e4b6,2025-01-12 15:59:09,TRANSFER,8754.36,ACC25755285,ACC41802361,741.38,0.0,7884.46,16638.82,0,0,utilities,Edinburgh,atm
TXN-2dbbe262-761b-458e-8fd5-ad50848d37c2,2025-01-12 18:38:01,CASH_OUT,274.36,ACC62938641,ACC36098642,10814.4,10540.04,13363.74,13638.1,0,0,travel,Bristol,online_banking
TXN-56c95491-de8f-4dc8-b6b2-383d05b84115,2025-01-12 21:03:04,PAYMENT,2490.59,ACC22714930,ACC89438729,8100.34,5609.75,6776.58,9267.17,0,0,retail,Liverpool,atm
TXN-d3290eca-27ec-4207-94a5-c418b6388096,2025-01-13 00:32:38,TRANSFER,6088.43,ACC29142470,ACC51546065,19164.51,13076.08,17007.03,23095.46,0,0,healthcare,Manchester,card_terminal
TXN-785030f5-59c7-4db8-91d4-872b8aabebd4,2025-01-13 01:22:26,PAYMENT,2298.18,ACC71789789,ACC57735307,10274.3,7976.12,17120.05,19418.23,0,0,entertainment,Birmingham,atm
TXN-405f7332-76d1-49f7-ab99-861d1fcf5a02,2025-01-13 11:50:55,DEBIT,792.55,ACC58533442,ACC92245683,267.53,0.0,20223.09,21015.64,0,0,restaurants,Birmingham,branch
TXN-ed9f1a1e-af01-431a-9ca6-04c6ac9d52dc,2025-01-13 13:45:28,CASH_IN,3627.05,ACC61538339,ACC12780443,2832.1,6459.15,22513.33,22513.33,1,0,transport,London,mobile_app
TXN-dddb9fe5-0667-4772-95c5-d8e409981a43,2025-01-13 17:27:27,CASH_IN,4425.07,ACC87585294,ACC97371655,9912.33,14337.4,11361.38,11361.38,0,0,utilities,Birmingham,online_banking
TXN-506cfd47-f0fc-458b-9673-f348935f894c,2025-01-13 17:46:50,CASH_IN,130.74,ACC23429380,ACC37636546,6398.64,6529.38,17110.61,17110.61,0,0,retail,Nottingham,card_terminal
TXN-0e033e00-2631-4db6-85bc-3ba10a8c3e2d,2025-01-13 19:43:32,CASH_IN,4301.05,ACC32569515,ACC48299260,6415.91,10716.96,7715.33,7715.33,0,0,entertainment,Birmingham,mobile_app
TXN-87d401e9-34f0-4db6-beaa-980fb443dd71,2025-01-13 22:32:03,CASH_OUT,4216.92,ACC58573570,ACC82440371,11198.44,6981.52,5757.09,9974.01,0,0,healthcare,Leeds,atm
TXN-ef8b9700-a941-4c1a-9d1d-f29f2a990392,2025-01-14 00:11:15,DEBIT,148.45,ACC56938851,ACC34985664,217.23,68.78,13810.62,13959.07,0,0,financial_services,Bristol,branch
TXN-b027cee1-fe83-4dc4-9755-a6c12effe208,2025-01-14 01:48:56,TRANSFER,1807.62,ACC96750938,ACC43412730,5590.92,3783.3,18223.44,20031.06,0,0,transport,Leeds,branch
TXN-404451f7-340b-4311-8fde-64ca5dd2cdcd,2025-01-14 02:42:05,CASH_IN,3999.99,ACC55876720,ACC32831133,764.91,4764.9,602.34,602.34,0,0,financial_services,Birmingham,mobile_app
TXN-6c8db2f6-ebd2-4f7e-85a7-407bcf9f5f47,2025-01-14 02:54:54,CASH_IN,2164.42,ACC54012664,ACC98707076,19902.45,22066.87,5413.69,5413.69,0,0,restaurants,Liverpool,mobile_app
TXN-1f2fd3cc-bf7c-4065-93c2-78ca7acf3edf,2025-01-14 04:00:44,TRANSFER,9517.37,ACC42287747,ACC12226394,11587.12,2069.75,3061.93,12579.3,0,0,travel,Birmingham,atm
TXN-eabc8184-57cd-493d-9bdf-2301c6b3264c,2025-01-14 12:08:30,DEBIT,2098.8,ACC89770922,ACC23072680,1784.72,0.0,8105.25,10204.05,0,0,restaurants,Cardiff,branch
TXN-d0fe1fe7-d274-4f6d-8033-2524652ce123,2025-01-14 17:14:54,PAYMENT,386.79,ACC13309323,ACC77887931,17609.99,17223.2,15594.68,15981.47,0,0,travel,Sheffield,mobile_app
TXN-f6b6c595-a346-4cf0-83bb-3820f59571e6,2025-01-14 18:17:21,CASH_OUT,6679.99,ACC92020513,ACC34318675,8640.26,1960.27,14216.78,20896.77,0,0,utilities,Cardiff,online_banking
TXN-be2fd6b6-5e31-45c7-951b-c7ca3be95d8e,2025-01-14 21:42:52,DEBIT,2055.95,ACC60856575,ACC53943990,3605.86,1549.91,28676.5,30732.45,0,0,travel,Glasgow,mobile_app
TXN-82870352-f0ce-465d-afae-89ba0c6b231c,2025-01-15 00:29:03,DEBIT,2179.68,ACC33049928,ACC98020116,2215.98,36.3,16031.28,18210.96,1,0,travel,Nottingham,atm
TXN-64bca138-67b2-4204-a1ec-76f93db55835,2025-01-15 02:22:44,CASH_IN,1716.72,ACC63782042,ACC76001106,19313.4,21030.12,7574.35,7574.35,0,0,transport,Cardiff,branch
TXN-dd386d9f-39cb-4f5e-8c34-5ab6df182f4a,2025-01-15 03:27:31,TRANSFER,8529.87,ACC16159129,ACC11298197,7268.27,0.0,20303.0,28832.87,0,0,entertainment,Glasgow,mobile_app
TXN-0681e6c6-c50e-48f3-97af-22f6693a38b6,2025-01-15 04:42:06,DEBIT,433.71,ACC82001505,ACC66158469,17208.18,16774.47,12325.84,12759.55,0,0,travel,Edinburgh,mobile_app
TXN-42f9038a-1f5e-4ac6-bbff-d10a2924dc2a,2025-01-15 06:02:51,DEBIT,219.8,ACC30457766,ACC69762583,15417.45,15197.65,4444.97,4664.77,0,0,travel,Nottingham,online_banking
TXN-494645f0-867b-4cb0-aeec-7cdbe0229e5e,2025-01-15 06:54:06,TRANSFER,7483.56,ACC48238599,ACC15403110,215.62,0.0,26507.29,33990.85,0,0,entertainment,Sheffield,atm
TXN-d38339b8-a16d-4153-b360-cc82024efeb6,2025-01-15 09:49:41,CASH_OUT,7756.54,ACC79700460,ACC95872544,17153.43,9396.89,27065.0,34821.54,0,0,groceries,Birmingham,card_terminal
TXN-528feac3-dc71-41c9-b6ab-c1ca352c9ba0,2025-01-15 10:08:07,PAYMENT,859.35,ACC71012513,ACC15138168,12126.95,11267.6,6379.06,7238.41,0,0,healthcare,Birmingham,atm
TXN-e5f65ac8-91ab-4134-b1fa-b94e469e903f,2025-01-15 12:18:16,TRANSFER,3565.25,ACC43522920,ACC82359410,1113.04,0.0,14865.24,18430.49,0,0,transport,Liverpool,card_terminal
TXN-542f8fb3-0297-4ef6-850c-0fa2987c8f32,2025-01-15 14:00:34,CASH_IN,3529.56,ACC48065683,ACC71330222,11186.93,14716.49,1218.26,1218.26,0,0,restaurants,Glasgow,atm
TXN-b1e7a1d9-7008-4134-8d27-c87ceaf7b596,2025-01-15 15:03:29,TRANSFER,2699.26,ACC66846657,ACC59025393,8658.31,5959.05,20542.14,23241.4,0,0,retail,Leeds,mobile_app
TXN-ec53d73a-abfc-47ff-8bb2-9d676bcb90e4,2025-01-15 17:26:21,DEBIT,1999.94,ACC15379569,ACC28713077,14598.02,12598.08,27668.76,29668.7,0,0,healthcare,Manchester,online_banking
TXN-3f75eef0-a9bb-42b4-b4f9-fbbb408bf23c,2025-01-15 21:02:19,TRANSFER,4494.62,ACC67371791,ACC47376435,15957.33,11462.71,29290.18,33784.8,0,0,entertainment,Manchester,branch
TXN-dc9e858c-c8d0-4b0b-b186-161f4800857e,2025-01-16 06:23:53,PAYMENT,2448.82,ACC80662368,ACC51144384,4522.29,2073.47,28553.49,31002.31,0,0,travel,Manchester,branch
TXN-aacda5bf-c3b3-4405-a903-69e96cb9a904,2025-01-16 12:43:43,CASH_OUT,4877.74,ACC22559810,ACC37344675,9910.47,5032.73,25375.15,30252.89,0,0,restaurants,Birmingham,card_terminal
TXN-2bb1648b-a8af-42dd-a5cb-dc8de79bcc19,2025-01-16 17:26:13,CASH_OUT,9572.35,ACC42560305,ACC91121400,405.14,0.0,28114.79,37687.14,0,0,utilities,Sheffield,atm
TXN-1a078b73-f0d0-4a02-8b04-817b148c59d4,2025-01-16 20:19:07,PAYMENT,377.25,ACC65857931,ACC91378577,11300.51,10923.26,9115.07,9492.32,0,0,utilities,Newcastle,online_banking
TXN-c4ae148d-b278-429e-ba1d-6905a4194b6e,2025-01-16 20:39:09,PAYMENT,568.49,ACC81847296,ACC58173202,7750.04,7181.55,20677.84,21246.33,0,0,retail,Glasgow,card_terminal
TXN-fe22befd-b47a-4eb1-894f-ce77bbff2432,2025-01-17 03:44:22,PAYMENT,1568.58,ACC61479273,ACC77556678,5051.58,3483.0,20805.74,22374.32,0,0,restaurants,Birmingham,mobile_app
TXN-6787c3db-547f-48d1-92b2-8bb04d089f22,2025-01-17 06:30:14,CASH_IN,570.11,ACC14197492,ACC37122588,10511.69,11081.8,2000.4,2000.4,0,0,transport,Nottingham,atm
TXN-d1f864cb-d5eb-4f05-a84f-91a4494a1e52,2025-01-17 14:05:03,DEBIT,1323.07,ACC86286724,ACC66487347,19556.17,18233.1,29606.48,30929.55,0,0,retail,Newcastle,mobile_app
TXN-839183c4-51c6-4ce2-9f22-add949fd45af,2025-01-17 20:36:45,CASH_IN,2483.68,ACC75140950,ACC56135950,6525.02,9008.7,8507.79,8507.79,0,0,groceries,London,online_banking
TXN-cfa9eaa8-f691-430e-b6c8-c6a2e1200487,2025-01-17 21:36:54,TRANSFER,6572.08,ACC40358823,ACC79718627,14103.59,7531.51,32.59,6604.67,0,0,travel,London,branch
TXN-d7fb095e-8948-41c9-a213-79169ad53e8e,2025-01-17 23:51:54,PAYMENT,250.01,ACC41478466,ACC23427820,14539.23,14289.22,14615.71,14865.72,0,0,restaurants,Cardiff,atm
TXN-e63188b6-f27c-4734-abfd-93d1a13bdd25,2025-01-18 15:01:39,TRANSFER,4008.81,ACC90869462,ACC78759020,6922.89,2914.08,8825.21,12834.02,0,0,restaurants,Edinburgh,atm
TXN-d0fba44a-aa87-49fa-88f4-5e04d74295c0,2025-01-18 15:15:49,CASH_OUT,4149.32,ACC36770773,ACC96255361,11058.7,6909.38,1829.37,5978.69,0,0,healthcare,Leeds,branch
TXN-5ec09c7f-17b3-4df8-99c3-32aa75354459,2025-01-18 15:21:36,CASH_IN,4006.95,ACC34627347,ACC47385696,2274.45,6281.4,5747.7,5747.7,0,0,travel,Leeds,atm
TXN-3dee5426-fb9a-47d0-a62f-d67d7c0cd311,2025-01-18 21:55:24,PAYMENT,96.65,ACC84097665,ACC38996393,2919.18,2822.53,25682.56,25779.21,0,0,retail,Liverpool,online_banking
TXN-6db3e030-1a5a-4b4a-84d7-b939e60da025,2025-01-18 23:21:32,CASH_OUT,8815.84,ACC29173414,ACC19182050,2828.87,0.0,23203.81,32019.65,0,0,healthcare,Cardiff,atm
TXN-2b01f068-1f62-4b64-8df4-3493c6b1c6a1,2025-01-19 02:37:23,CASH_OUT,8858.27,ACC67229772,ACC42917412,16368.23,7509.96,20621.0,29479.27,0,0,travel,Glasgow,online_banking
TXN-692b3eb6-5fcd-4ab2-88ce-aef9fee0316f,2025-01-19 08:14:57,TRANSFER,336.16,ACC51262331,ACC26823411,16310.02,15973.86,6670.74,7006.9,0,0,utilities,Birmingham,atm
TXN-cfb3e7a0-21cc-4cba-8634-5743b1d10f96,2025-01-19 10:11:17,CASH_OUT,2091.68,ACC22485824,ACC15892193,19664.0,17572.32,12594.48,14686.16,0,0,utilities,Newcastle,mobile_app
TXN-6b25c0f6-125b-4620-8170-49395f23f312,2025-01-19 10:17:02,PAYMENT,2168.01,ACC45164329,ACC34243439,2307.54,139.53,27815.97,29983.98,0,0,transport,Manchester,card_terminal
TXN-87ccbf63-4d7c-4e99-b234-8ae29ed2ecde,2025-01-19 10:48:25,DEBIT,559.24,ACC39380829,ACC77086404,7966.72,7407.48,16148.79,16708.03,0,0,travel,Birmingham,card_terminal
TXN-41be86eb-5468-462a-88b0-284ea0e4fc97,2025-01-19 13:35:29,DEBIT,1117.73,ACC82536595,ACC32573855,16940.93,15823.2,15012.97,16130.7,0,0,utilities,Newcastle,branch
TXN-60e66eed-b293-4fb5-8bfc-3dfafe389a24,2025-01-19 15:31:16,TRANSFER,1248.59,ACC12370465,ACC92740848,8085.53,6836.94,8215.85,9464.44,0,0,utilities,Manchester,online_banking
TXN-bdf13596-8a81-4ad5-af41-1a31a1a36aae,2025-01-20 01:00:46,CASH_OUT,977.88,ACC92959929,ACC82970485,610.24,0.0,346.14,1324.02,0,0,transport,Cardiff,online_banking
TXN-62fd299f-fb01-4c18-a5de-3970353436aa,2025-01-20 01:15:41,CASH_IN,1782.64,ACC92423989,ACC93104469,18175.25,19957.89,8249.45,8249.45,0,0,utilities,Glasgow,online_banking
TXN-edd4b3fb-2d61-4cbb-9bd5-c451e603f960,2025-01-20 04:39:09,DEBIT,730.3,ACC50320166,ACC43373708,8803.37,8073.07,27216.23,27946.53,0,0,healthcare,Sheffield,mobile_app
TXN-a204bc53-d5d6-4848-9ebf-a0fc76309d12,2025-01-20 08:37:09,PAYMENT,1951.39,ACC31810617,ACC33763566,17694.28,15742.89,12191.32,14142.71,0,0,financial_services,London,atm
TXN-8cd9d047-f065-4717-9057-3018ce258a8b,2025-01-20 14:59:23,PAYMENT,1626.8,ACC92688322,ACC69375757,8857.98,7231.18,21672.96,23299.76,0,0,utilities,Manchester,card_terminal
TXN-c5b77670-cb24-45f2-a6d3-41759e71bb33,2025-01-20 15:24:20,PAYMENT,1684.08,ACC60598851,ACC19927432,2869.66,1185.58,9084.98,10769.06,0,0,travel,Cardiff,branch
TXN-50b4b0ed-a185-4a11-8aec-86688ccaaee0,2025-01-20 16:14:25,TRANSFER,2724.5,ACC41101353,ACC68237550,11675.11,8950.61,24231.99,26956.49,0,0,retail,Birmingham,atm
TXN-e9c19bf5-e8eb-4e14-9ab5-8cd565c33dfa,2025-01-20 17:32:56,CASH_IN,2364.15,ACC12658997,ACC61193233,8511.68,10875.83,18281.83,18281.83,0,0,financial_services,Manchester,online_banking
TXN-5e2e5451-141a-4a89-a882-8feccaa10ea1,2025-01-20 20:13:53,CASH_OUT,8932.08,ACC98237348,ACC95450010,6379.3,0.0,29836.95,38769.03,0,0,travel,London,branch
TXN-6aa08e04-6cd5-4f0f-8b74-b0c1adb267c3,2025-01-20 20:53:16,TRANSFER,3306.59,ACC10681501,ACC66072388,11631.39,8324.8,26754.68,30061.27,0,0,groceries,London,online_banking
TXN-33039ed7-8128-485c-9f2a-ffe9cc61f942,2025-01-20 22:49:38,TRANSFER,1217.6,ACC64223156,ACC42883478,10357.16,9139.56,10154.57,11372.17,0,0,groceries,Manchester,mobile_app
TXN-5f3686e6-089c-4475-9d10-57e6586203a0,2025-01-21 00:34:08,DEBIT,337.76,ACC75359668,ACC20834405,15841.94,15504.18,18965.84,19303.6,0,0,groceries,London,mobile_app
TXN-f092f9d6-a9d9-41fa-bdf3-7fe2548159eb,2025-01-21 01:08:01,PAYMENT,1679.6,ACC29163535,ACC91547054,8183.58,6503.98,15392.58,17072.18,0,0,travel,London,mobile_app
TXN-809cbda0-c754-44c5-ad62-3722ad0d31e7,2025-01-21 05:15:19,CASH_IN,3451.31,ACC77885433,ACC27062291,18961.62,22412.93,21951.51,21951.51,0,0,travel,Edinburgh,branch
TXN-e96a90a7-337f-41c4-8f3f-72a780f83e76,2025-01-21 09:55:55,DEBIT,1779.95,ACC70306604,ACC78901038,10366.6,8586.65,3740.33,5520.28,0,0,entertainment,Sheffield,mobile_app
TXN-65e98e5a-3b19-4504-bac4-00b311d50057,2025-01-21 13:28:23,TRANSFER,962.99,ACC51827259,ACC53537934,10656.61,9693.62,11285.83,12248.82,0,0,transport,London,mobile_app
TXN-34548378-7f05-4590-9b68-5a5dbfe9499e,2025-01-21 14:33:56,TRANSFER,4249.05,ACC71212377,ACC21174172,11041.99,6792.94,7820.23,12069.28,0,0,restaurants,Glasgow,card_terminal
TXN-03507175-2b0f-4631-9e09-572586e889eb,2025-01-22 01:53:07,CASH_OUT,6563.15,ACC63196064,ACC93967184,5082.75,0.0,11155.31,17718.46,0,0,restaurants,Edinburgh,mobile_app
TXN-60787ad6-91a9-47be-a8d0-543aa26d90bd,2025-01-22 02:35:37,DEBIT,681.27,ACC51792388,ACC92310750,18871.23,18189.96,24120.09,24801.36,0,0,retail,Newcastle,atm
TXN-4756e645-26af-49b2-ae4d-b0e6db6e0a14,2025-01-22 05:20:12,PAYMENT,1420.33,ACC22604400,ACC23420761,19809.22,18388.89,25060.77,26481.1,0,0,restaurants,Edinburgh,mobile_app
TXN-ee36ad5f-f38a-4ae3-a50f-aaf1e5d6c829,2025-01-22 09:21:21,TRANSFER,8770.78,ACC74672520,ACC49613214,7380.56,0.0,15053.84,23824.62,0,0,retail,Manchester,card_terminal
TXN-1c0757a9-2333-435b-9b3b-26d01815e853,2025-01-22 13:28:07,PAYMENT,437.75,ACC84277128,ACC32146747,1358.12,920.37,8216.8,8654.55,0,0,travel,Leeds,card_terminal
TXN-f0cd6a6a-3c55-46ea-99a4-5bea6163bb52,2025-01-22 19:47:45,PAYMENT,488.57,ACC53299559,ACC52441045,12597.8,12109.23,22940.68,23429.25,0,0,restaurants,Liverpool,card_terminal
TXN-eb773283-0619-4c74-a801-0db84e9dd4c1,2025-01-22 22:31:25,CASH_OUT,7709.01,ACC31580852,ACC81848989,1041.65,0.0,10593.63,18302.64,0,0,restaurants,Birmingham,atm
TXN-24c6552c-1ae1-4bcc-b36f-3b5997fe87d5,2025-01-22 23:19:22,CASH_IN,1917.73,ACC55283492,ACC66615250,5801.82,7719.55,18951.37,18951.37,0,0,financial_services,Manchester,mobile_app
TXN-39be8798-f55e-4d24-aab9-bda8a3021972,2025-01-23 00:18:25,CASH_IN,1777.91,ACC26745522,ACC72101540,16274.35,18052.26,24824.01,24824.01,0,0,retail,Leeds,mobile_app
TXN-f9030c98-ae52-4e3c-b3c5-7a7099e7e200,2025-01-23 06:38:02,CASH_OUT,863.61,ACC62741841,ACC16074522,10118.55,9254.94,3418.06,4281.67,0,0,transport,Sheffield,card_terminal
TXN-93179029-4688-4e81-86a8-4ec1b50e339c,2025-01-23 07:15:46,TRANSFER,2111.73,ACC30980122,ACC91302255,13844.88,11733.15,2585.76,4697.49,0,0,travel,Manchester,card_terminal
TXN-4f6e6a39-9304-441b-b017-82f81a3f59dc,2025-01-23 14:06:08,DEBIT,140.58,ACC60128319,ACC28307917,8773.71,8633.13,6484.95,6625.53,0,0,travel,Edinburgh,branch
TXN-f9c52301-8c1c-4628-a577-2830e4d318a9,2025-01-23 14:49:23,TRANSFER,9632.42,ACC77946127,ACC24289484,9149.7,0.0,12118.69,21751.11,1,1,healthcare,Manchester,card_terminal
TXN-e9076b19-4953-47e4-8c93-4379c4a7cc9f,2025-01-23 15:20:49,CASH_IN,746.3,ACC77054885,ACC28048483,19187.04,19933.34,4486.44,4486.44,0,0,healthcare,Newcastle,online_banking
TXN-e4c279b9-1f88-47c2-80ee-1bf054a4287e,2025-01-23 16:44:09,TRANSFER,3284.24,ACC81555103,ACC55946354,13278.31,9994.07,15764.31,19048.55,0,0,healthcare,Bristol,card_terminal
TXN-3a2817d7-4ef1-4107-add1-cb9714ee6821,2025-01-23 18:19:27,PAYMENT,282.61,ACC31521650,ACC11458621,1294.02,1011.41,19273.63,19556.24,0,0,financial_services,Sheffield,atm
TXN-e0664f67-033d-4c43-a2fb-e3a286b46423,2025-01-23 20:12:13,CASH_IN,945.05,ACC32396311,ACC75718640,12746.48,13691.53,20802.99,20802.99,0,0,restaurants,Birmingham,branch
TXN-bb7b8ac4-e68a-4f2b-9373-b3653a41b9c3,2025-01-24 04:16:48,PAYMENT,773.62,ACC27659164,ACC37226295,14630.22,13856.6,28828.98,29602.6,0,0,groceries,Cardiff,branch
TXN-4181a56d-e152-4f2b-8d77-7df062d6f934,2025-01-24 04:53:27,CASH_IN,2095.87,ACC36577865,ACC75293067,5837.97,7933.84,12928.49,12928.49,0,0,entertainment,Newcastle,card_terminal
TXN-8ca1481b-4727-4e82-94b8-466543352ce8,2025-01-24 05:07:10,DEBIT,2068.34,ACC74082804,ACC53433080,10354.09,8285.75,2602.13,4670.47,0,0,utilities,London,branch
TXN-4e24ceb8-82cf-4429-aa86-becdb0f1a8ad,2025-01-24 08:02:19,TRANSFER,2156.78,ACC92796892,ACC43922427,18122.0,15965.22,25543.77,27700.55,0,0,utilities,Manchester,atm
TXN-8cf7861e-f20e-413e-85b1-504ac0b7dcfc,2025-01-24 09:11:04,PAYMENT,533.88,ACC75939337,ACC58799048,9493.96,8960.08,27254.46,27788.34,0,0,retail,Liverpool,atm
TXN-991e3d6a-b11f-456c-841b-b98c2f877901,2025-01-24 10:41:46,CASH_IN,2546.43,ACC23100061,ACC73187139,16923.84,19470.27,25219.16,25219.16,0,0,entertainment,Edinburgh,atm
TXN-c5edf27c-ebfe-4886-9259-71d7b4f18400,2025-01-24 18:36:35,CASH_OUT,8986.31,ACC47616749,ACC63402482,17631.65,8645.34,17235.58,26221.89,0,0,utilities,Cardiff,branch
TXN-24d76275-5794-4590-9f20-a25b5e5789fb,2025-01-24 21:18:55,DEBIT,1161.63,ACC83337520,ACC28160554,12957.42,11795.79,2713.22,3874.85,0,0,financial_services,Sheffield,online_banking
TXN-4f176d24-6b9b-4404-9f09-bb0f4b421253,2025-01-24 23:19:08,CASH_OUT,4292.38,ACC98222374,ACC68000104,9294.88,5002.5,23932.67,28225.05,0,0,financial_services,London,card_terminal
TXN-e3618854-35be-4e7c-8683-1ec80a59d240,2025-01-25 03:07:54,CASH_OUT,2051.87,ACC88129206,ACC13253847,3325.58,1273.71,24415.13,26467.0,0,0,transport,Leeds,online_banking
TXN-a628b8f5-150b-4623-8559-42d00e27ba5f,2025-01-25 08:41:40,CASH_OUT,5541.58,ACC86745380,ACC61401477,10914.26,5372.68,13660.34,19201.92,0,0,utilities,Sheffield,atm
TXN-f3c9a206-0af8-4bf8-9654-ed024335e187,2025-01-25 09:49:38,CASH_OUT,8281.17,ACC24549320,ACC24012339,3380.0,0.0,24100.18,32381.35,0,0,transport,Bristol,branch
TXN-0232b06b-286c-4f51-8d9c-2d545da5f629,2025-01-25 20:13:20,CASH_IN,1920.19,ACC61619474,ACC58357021,10947.86,12868.05,19874.63,19874.63,0,0,financial_services,Birmingham,branch
TXN-52f7f126-a77a-4c42-91db-f8a4bd0d3ddb,2025-01-25 22:36:21,CASH_IN,3883.19,ACC43638559,ACC98473848,4679.36,8562.55,24057.96,24057.96,0,0,entertainment,Glasgow,atm
TXN-7b2093c7-614a-4410-b649-3c34e87868e3,2025-01-25 22:59:10,CASH_OUT,783.63,ACC88609496,ACC58306200,697.35,0.0,3455.68,4239.31,0,0,groceries,London,mobile_app
TXN-07021455-e327-4170-af6d-2e6795a6caa1,2025-01-26 07:00:37,DEBIT,61.09,ACC48462422,ACC47131272,15194.03,15132.94,19165.53,19226.62,0,0,healthcare,Bristol,atm
TXN-9d214abd-65c0-4caf-a540-89dbf2bde1bb,2025-01-26 07:07:33,CASH_OUT,7002.32,ACC43889297,ACC75914731,7614.82,612.5,29666.13,36668.45,0,0,travel,Glasgow,mobile_app
TXN-1d28b7fc-10aa-41c1-a142-5d26c0ba4359,2025-01-26 09:53:53,CASH_IN,3037.14,ACC74581639,ACC20739561,6131.7,9168.84,17292.65,17292.65,0,0,retail,Sheffield,online_banking
TXN-a3a81aa1-11e6-4aea-8125-d6f99e2ceea7,2025-01-26 10:57:40,CASH_OUT,1434.8,ACC50935883,ACC21488759,15376.44,13941.64,7500.61,8935.41,0,0,restaurants,Cardiff,card_terminal
TXN-138be301-cc2b-465a-8e42-e5cf03faec7a,2025-01-26 13:01:53,PAYMENT,1246.86,ACC64996550,ACC49641367,12219.14,10972.28,23338.77,24585.63,0,0,entertainment,London,mobile_app
TXN-37882508-33ad-4432-85e0-258c8f3f42b4,2025-01-26 14:00:22,DEBIT,1599.15,ACC74855088,ACC24314759,8543.75,6944.6,7502.95,9102.1,0,0,utilities,Sheffield,atm
TXN-c4fff7a3-96fa-4489-9b23-d2c91e60f54d,2025-01-26 14:34:15,TRANSFER,9171.14,ACC35226688,ACC19212612,7772.96,0.0,13572.96,22744.1,0,0,restaurants,Sheffield,online_banking
TXN-4d23667a-920e-49cc-bcad-293ee9f83afa,2025-01-27 07:36:40,CASH_IN,627.68,ACC92148463,ACC17809403,17202.22,17829.9,9876.26,9876.26,0,0,transport,Cardiff,online_banking
TXN-a4863f14-ed79-4185-91a0-5d16435ff7da,2025-01-27 09:43:23,TRANSFER,3649.7,ACC83715012,ACC27584297,15153.22,11503.52,18762.26,22411.96,0,0,restaurants,Nottingham,card_terminal
TXN-f6d31bbe-9def-4b4b-a2fd-b38b7c1d7fd2,2025-01-27 17:31:00,PAYMENT,284.22,ACC97056735,ACC29482265,416.12,131.9,29115.61,29399.83,0,0,utilities,Sheffield,online_banking
TXN-0db90431-e2bd-42e8-a8e3-553a35a14671,2025-01-27 19:35:17,PAYMENT,1736.02,ACC38437423,ACC37353754,2314.43,578.41,13501.85,15237.87,0,0,healthcare,Newcastle,atm
TXN-d7b6baab-de55-4c93-985d-e8ba878e795c,2025-01-27 19:43:22,CASH_IN,556.27,ACC63024581,ACC67429121,6610.12,7166.39,16861.62,16861.62,0,0,transport,Leeds,card_terminal
TXN-397194a5-ec33-459f-bd08-df988f267724,2025-01-27 21:01:20,PAYMENT,751.86,ACC54522609,ACC57458790,14526.79,13774.93,9465.09,10216.95,0,0,transport,Birmingham,card_terminal
TXN-e89b73c6-8a9c-46bb-8e90-91eb282d71e8,2025-01-27 21:22:23,CASH_OUT,5656.92,ACC29353063,ACC63458386,754.75,0.0,27862.99,33519.91,0,0,transport,Liverpool,card_terminal
TXN-0e9d4ea1-ed84-4638-9ace-2d869f425682,2025-01-28 01:04:26,PAYMENT,1281.8,ACC53961638,ACC28597882,3131.69,1849.89,26006.23,27288.03,0,0,utilities,Manchester,card_terminal
TXN-4a238654-f61e-4cc2-9019-bafa40ce9423,2025-01-28 08:03:32,PAYMENT,73.49,ACC96889858,ACC40214026,1088.06,1014.57,25614.64,25688.13,0,0,utilities,Liverpool,atm
TXN-45e547f2-4176-4bd9-969e-085f8cf17a70,2025-01-28 10:18:09,CASH_OUT,7477.11,ACC35415894,ACC66147435,7703.26,226.15,12939.26,20416.37,0,0,entertainment,Sheffield,atm
TXN-d8f5da1d-1c3b-43af-82ae-8e5260a289f6,2025-01-28 10:18:15,TRANSFER,4893.91,ACC89600725,ACC26567268,1385.87,0.0,8841.8,13735.71,0,0,groceries,Nottingham,atm
TXN-97e0e0ab-0eab-4e45-ac09-3d1ddd227983,2025-01-28 11:05:53,CASH_OUT,2970.77,ACC96298460,ACC79193132,4340.01,1369.24,22140.77,25111.54,0,0,groceries,Nottingham,branch
TXN-8cdac23e-6eef-4445-9590-32e91d965c35,2025-01-28 11:08:27,DEBIT,521.96,ACC67045601,ACC60611218,17908.2,17386.24,13562.4,14084.36,0,0,entertainment,Bristol,mobile_app
TXN-88af04a4-0af4-4061-b25f-89799e0b2905,2025-01-28 12:15:18,CASH_OUT,7600.13,ACC23718431,ACC22448136,3277.22,0.0,12678.43,20278.56,0,0,financial_services,Manchester,mobile_app
TXN-88ae5199-0ffe-4735-8554-0bada099ba8a,2025-01-28 14:49:28,CASH_IN,1361.71,ACC75023164,ACC79323646,8393.78,9755.49,19366.64,19366.64,0,0,retail,London,atm
TXN-7a9470d0-3a65-40a8-a452-65dfda0381b8,2025-01-28 21:18:17,CASH_OUT,2546.35,ACC78495121,ACC47756962,13631.96,11085.61,29977.26,32523.61,0,0,groceries,Birmingham,card_terminal
TXN-0f85e5eb-66fd-41ac-964c-7467debe2086,2025-01-28 23:49:09,TRANSFER,833.59,ACC28906261,ACC31615365,12556.46,11722.87,28584.55,29418.14,0,0,healthcare,Newcastle,branch
TXN-374f40d4-2c9f-462e-ab6d-b9ca3cfc7069,2025-01-28 23:51:49,CASH_IN,349.62,ACC77005685,ACC63100814,18271.41,18621.03,17015.4,17015.4,0,0,travel,Birmingham,atm
TXN-4f160f63-209d-4a69-9ec1-90ad87ccd2c4,2025-01-29 11:48:24,TRANSFER,4649.49,ACC17507864,ACC40742311,5471.96,822.47,27761.74,32411.23,0,0,groceries,Bristol,online_banking
TXN-bafd75cb-aa96-46b8-8315-453cce52d40d,2025-01-29 16:13:49,PAYMENT,558.89,ACC60213478,ACC62497139,14962.38,14403.49,16739.8,17298.69,0,0,travel,Glasgow,atm
TXN-27a2b9e8-ddae-4e19-a5e6-c8e64ac46404,2025-01-29 22:23:43,PAYMENT,1123.45,ACC15820356,ACC98436473,7304.58,6181.13,17809.98,18933.43,0,0,healthcare,Liverpool,branch
TXN-fa39fabb-8ca8-4b6d-b878-2bc50d50be3e,2025-01-30 02:37:21,DEBIT,2350.52,ACC14949636,ACC29003951,17416.98,15066.46,16096.84,18447.36,0,0,travel,Glasgow,branch
TXN-8471705d-8e3d-4606-b527-5f29daefa960,2025-01-30 02:48:24,CASH_IN,4438.12,ACC79060560,ACC96366021,231.29,4669.41,26461.03,26461.03,0,0,restaurants,Leeds,branch
TXN-834b8391-17a8-4aa6-960f-11e86e4ea9ab,2025-01-30 03:17:26,CASH_IN,198.78,ACC68246664,ACC23212812,1461.57,1660.35,18934.83,18934.83,0,0,transport,Nottingham,card_terminal
TXN-3bb4a0b7-4f79-4be7-a219-c3490e602b62,2025-01-30 07:22:57,TRANSFER,7384.27,ACC43513553,ACC93026670,4773.74,0.0,7261.7,14645.97,0,0,retail,Birmingham,branch
TXN-cdea9e30-ca20-49af-a22c-b11d0ebb0be1,2025-01-30 09:37:55,PAYMENT,723.82,ACC93893865,ACC89160218,5726.1,5002.28,25788.2,26512.02,0,0,utilities,Sheffield,online_banking
TXN-ac497f75-4b98-4029-b65e-9ecb6b6b0098,2025-01-30 13:51:39,CASH_OUT,8649.61,ACC78255127,ACC23368583,479.66,0.0,26022.31,34671.92,0,0,retail,Nottingham,atm
TXN-8a815389-a874-4483-986d-2b88a7cf73a7,2025-01-30 15:25:31,CASH_IN,3562.81,ACC31045425,ACC46484083,5235.28,8798.09,17161.95,17161.95,0,0,transport,Newcastle,card_terminal
TXN-64aa9762-483a-4c08-9fc5-f23a7619bdcc,2025-01-30 18:46:50,DEBIT,2164.34,ACC88786294,ACC84170763,4628.81,2464.47,21700.08,23864.42,0,0,travel,Edinburgh,online_banking
TXN-0616a49b-2f71-4a7d-b76a-b5829113c012,2025-01-30 21:15:41,CASH_OUT,893.35,ACC15522109,ACC72445215,15057.29,14163.94,8851.44,9744.79,0,0,healthcare,Cardiff,card_terminal
TXN-45e22459-c6eb-48df-a171-79493c8b9e44,2025-01-31 14:31:26,PAYMENT,1370.15,ACC21970652,ACC12753078,12085.6,10715.45,2776.53,4146.68,0,0,utilities,Birmingham,mobile_app
TXN-4077a912-4e61-4f9c-b6a9-ef2c6ab49f0c,2025-01-31 14:46:37,TRANSFER,2706.0,ACC42008703,ACC25241574,5812.19,3106.19,4817.53,7523.53,0,0,entertainment,Leeds,branch
TXN-ae2ff0fb-ccb7-4ad4-8eb0-d4cbdc4f8027,2025-01-31 15:43:05,PAYMENT,2052.78,ACC89210454,ACC62917798,7248.97,5196.19,25837.44,27890.22,0,0,retail,Edinburgh,card_terminal
TXN-ab06a9a0-8316-4eef-a85a-35f2d1673d41,2025-01-31 18:01:05,DEBIT,1870.87,ACC61792685,ACC25132198,5981.29,4110.42,1637.07,3507.94,0,0,utilities,Nottingham,online_banking
TXN-0dfefa74-9fe3-46e3-9816-8aa1529d376c,2025-01-31 18:07:10,DEBIT,429.11,ACC88270025,ACC29208935,1671.47,1242.36,26125.19,26554.3,0,0,utilities,Nottingham,online_banking
TXN-0cd7dea6-955e-4449-9ffd-56764ba4f3aa,2025-01-31 18:16:02,CASH_OUT,1898.62,ACC46138183,ACC65141717,12131.01,10232.39,17338.16,19236.78,0,0,healthcare,Cardiff,online_banking
TXN-2c68c848-7944-49dd-b883-38922a423f0e,2025-01-31 23:02:36,CASH_OUT,3636.25,ACC68272190,ACC53555463,1136.54,0.0,20000.84,23637.09,0,0,groceries,Birmingham,online_banking
TXN-d72fa260-7fc8-4ccf-a7d2-85630ec6cc6f,2025-01-31 23:34:47,DEBIT,1734.43,ACC22177508,ACC12138110,8191.7,6457.27,6540.19,8274.62,0,0,travel,Glasgow,mobile_app
TXN-567a7857-4987-4ed9-8184-bec6eb09f1b1,2025-02-01 04:07:49,CASH_IN,2878.13,ACC13478029,ACC34970946,10636.25,13514.38,11941.02,11941.02,0,0,travel,Newcastle,mobile_app
TXN-2b524095-b2db-420b-a10a-de5e5db00728,2025-02-01 05:48:52,TRANSFER,1013.28,ACC53947691,ACC87535841,5875.22,4861.94,11524.5,12537.78,0,0,retail,Leeds,online_banking
TXN-be8de3b5-8d22-41bc-8edc-01b6f7b59650,2025-02-01 09:42:50,TRANSFER,7834.75,ACC31367172,ACC24508349,8293.09,458.34,20097.21,27931.96,0,0,financial_services,London,atm
TXN-22466638-d420-4af7-bf77-36df4211f903,2025-02-01 11:38:42,PAYMENT,279.59,ACC16382911,ACC34394290,7335.17,7055.58,28289.96,28569.55,0,0,groceries,London,atm
TXN-fe4af996-3b2e-402e-ae1f-a095e4774db5,2025-02-01 11:51:54,CASH_IN,1471.41,ACC60473288,ACC47621248,13929.66,15401.07,14730.22,14730.22,0,0,financial_services,Bristol,atm
TXN-5f75e81d-8026-443e-aa76-70339e2276bb,2025-02-01 14:17:52,CASH_OUT,7029.19,ACC75694038,ACC29081953,2740.55,0.0,4387.3,11416.49,0,0,restaurants,Glasgow,online_banking
TXN-73ebaf5f-b4f1-4756-90cc-5008bf0972f1,2025-02-01 16:46:15,CASH_OUT,6751.32,ACC56460773,ACC30820038,10934.46,4183.14,15958.01,22709.33,0,0,restaurants,Leeds,branch
TXN-56ba984e-7ed8-4b3a-8d67-401fb21a5952,2025-02-01 22:33:53,PAYMENT,1898.56,ACC20655497,ACC18042731,2568.72,670.16,7091.89,8990.45,0,0,entertainment,Bristol,card_terminal
TXN-e6beeb66-c83a-4fc3-9048-a42cac211d5f,2025-02-02 00:12:19,CASH_IN,2153.97,ACC54367386,ACC72589932,11176.31,13330.28,3902.0,3902.0,0,0,entertainment,London,mobile_app
TXN-2cde71cd-76b4-4e31-837d-af4987f7759d,2025-02-02 01:16:28,CASH_OUT,439.47,ACC21356205,ACC26739248,11544.11,11104.64,19579.22,20018.69,0,0,healthcare,Liverpool,mobile_app
TXN-c653d0c1-2002-4344-9659-7ae5be620a1c,2025-02-02 03:44:47,CASH_IN,1813.42,ACC87029205,ACC25479814,10042.24,11855.66,17006.58,17006.58,0,0,utilities,Edinburgh,card_terminal
TXN-77733fab-743f-4a35-b416-ebe74d030005,2025-02-02 06:21:11,TRANSFER,78.21,ACC24754064,ACC98725654,17182.28,17104.07,4340.64,4418.85,0,0,groceries,Birmingham,card_terminal
TXN-a739beee-4e68-4c2e-9650-9c8f0cb8356d,2025-02-02 07:01:47,CASH_IN,2635.82,ACC14569008,ACC13181023,13741.44,16377.26,10545.49,10545.49,0,0,transport,London,mobile_app
TXN-a90c2083-e2d4-4459-be80-b0d642ed504a,2025-02-02 13:15:48,CASH_OUT,4932.09,ACC71572485,ACC11820133,7080.54,2148.45,16371.45,21303.54,0,0,retail,Liverpool,branch
TXN-1345a597-bbb9-404e-84c9-45e20f282acb,2025-02-02 17:16:20,PAYMENT,125.35,ACC30552371,ACC37581060,2404.22,2278.87,13329.43,13454.78,0,0,groceries,Liverpool,mobile_app
TXN-8fc4daa6-f33c-4c96-95e4-8e64c982c920,2025-02-02 17:26:33,CASH_OUT,2911.92,ACC38720823,ACC37121108,14311.41,11399.49,10390.91,13302.83,0,0,healthcare,Liverpool,mobile_app
TXN-6490e553-4a88-481c-aef8-69f10c69fca6,2025-02-03 00:20:44,CASH_OUT,5539.13,ACC78929583,ACC30869686,17652.22,12113.09,12079.54,17618.67,0,0,entertainment,Birmingham,card_terminal
TXN-ce46b30e-09ae-4b26-998c-a72196527a71,2025-02-03 01:53:02,TRANSFER,8412.55,ACC46905154,ACC21135154,14553.62,6141.07,24212.92,32625.47,0,0,entertainment,Glasgow,card_terminal
TXN-6575c4f6-6951-427b-abf5-27a84c6e0589,2025-02-03 02:14:10,TRANSFER,6965.76,ACC94463223,ACC73506531,11992.97,5027.21,9122.13,16087.89,0,0,entertainment,Cardiff,mobile_app
TXN-fa311e79-8ad0-4919-bd61-4bd4408029f6,2025-02-03 04:49:21,CASH_IN,4992.3,ACC56843172,ACC19233013,19922.32,24914.62,2197.82,2197.82,0,0,utilities,Bristol,card_terminal
TXN-09c62399-f6fc-4379-a63a-6359a0c4967a,2025-02-03 05:40:10,CASH_OUT,5419.7,ACC50744867,ACC11416778,16113.68,10693.98,13255.81,18675.51,0,0,groceries,Newcastle,branch
TXN-16d122af-7f4e-48ae-bd14-0bf021e982f5,2025-02-03 07:51:17,TRANSFER,9546.81,ACC15345470,ACC18115992,15430.3,5883.49,500.68,10047.49,0,0,financial_services,Newcastle,branch
TXN-6ce26cdb-b966-412a-ab03-6549e0cb4a27,2025-02-03 10:47:08,CASH_IN,4882.22,ACC21112459,ACC57380159,6506.04,11388.26,21925.94,21925.94,0,0,healthcare,Leeds,branch
TXN-eed05acd-b7b1-440d-bff4-c4b464dba9b3,2025-02-03 12:25:39,CASH_OUT,5892.72,ACC35124449,ACC38329117,9154.46,3261.74,20107.8,26000.52,0,0,entertainment,Manchester,atm
TXN-835868c4-e19c-40e6-8efc-aa78a7330752,2025-02-03 23:50:48,TRANSFER,9207.96,ACC52176303,ACC11658959,2347.46,0.0,12338.53,21546.49,1,1,healthcare,Edinburgh,branch
TXN-30969c5f-2e27-4d8a-aceb-c27e683d8c18,2025-02-03 23:53:18,PAYMENT,164.27,ACC97438349,ACC50103064,19768.38,19604.11,19217.84,19382.11,0,0,utilities,Birmingham,branch
TXN-2c6cfaf0-75d8-4efd-8a4e-9ca3a13601ba,2025-02-04 13:33:35,PAYMENT,2087.86,ACC65701512,ACC58404738,9525.9,7438.04,8602.75,10690.61,0,0,utilities,Birmingham,online_banking
TXN-40a74efc-e58b-4389-9abc-3497a45fcf69,2025-02-04 13:55:18,CASH_OUT,4538.95,ACC13317620,ACC34100904,8706.86,4167.91,11025.36,15564.31,0,0,travel,Leeds,branch
TXN-4f99e34d-dfab-4688-b749-ca96b3a009e0,2025-02-04 18:43:45,CASH_OUT,5410.75,ACC22780905,ACC28198434,6540.71,1129.96,21121.61,26532.36,0,0,financial_services,London,card_terminal
TXN-4e0b2045-ea83-4bf8-a016-ce0d834a1436,2025-02-04 21:38:03,TRANSFER,856.58,ACC98316111,ACC10779182,16630.91,15774.33,19786.18,20642.76,0,0,retail,London,mobile_app
TXN-a7b3e8fa-69c9-40b6-ba8b-1cdf08740f84,2025-02-05 02:07:59,CASH_OUT,309.33,ACC73308406,ACC81059199,11982.62,11673.29,879.1,1188.43,0,0,retail,Cardiff,online_banking
TXN-28b8e00b-432a-4772-b3a8-14bcf9a3169a,2025-02-05 02:16:40,DEBIT,1126.69,ACC87490324,ACC23656928,8648.1,7521.41,133.5,1260.19,0,0,healthcare,Birmingham,online_banking
TXN-7a10b484-858b-4fb6-a5f9-6c77e8caf6a5,2025-02-05 02:20:23,DEBIT,2171.56,ACC55922853,ACC13981790,3405.91,1234.35,8793.77,10965.33,0,0,utilities,Nottingham,mobile_app
TXN-ddd26289-7309-483a-bc0c-23dce52e94de,2025-02-05 05:21:56,CASH_IN,2389.61,ACC71020042,ACC24500436,12102.99,14492.6,12133.31,12133.31,0,0,transport,Liverpool,atm
TXN-d08566a5-3b06-4b1d-bd98-5ba63c3e6522,2025-02-05 08:12:47,CASH_OUT,8909.5,ACC30361927,ACC55873760,16315.69,7406.19,883.98,9793.48,0,0,financial_services,Glasgow,branch
TXN-70cad10c-ed7d-4926-a89e-8271a29e5367,2025-02-05 08:14:43,PAYMENT,2238.17,ACC93244618,ACC64299043,11547.09,9308.92,7163.01,9401.18,0,0,financial_services,Sheffield,mobile_app
TXN-cf969fcd-68f8-481d-b327-8331b1e64eaf,2025-02-05 14:28:15,CASH_IN,1283.09,ACC37339300,ACC65462544,17114.04,18397.13,12706.85,12706.85,0,0,healthcare,Newcastle,card_terminal
TXN-7ba6567e-d269-46a4-943a-6b8174dd4934,2025-02-05 14:32:34,TRANSFER,3629.41,ACC57395992,ACC99880518,13134.88,9505.47,29269.38,32898.79,0,0,financial_services,Sheffield,mobile_app
TXN-42fed5cb-7d1f-4bcf-bc7b-5fa9f858f79a,2025-02-05 15:32:45,TRANSFER,2980.96,ACC99600963,ACC53406567,13243.51,10262.55,2271.43,5252.39,0,0,restaurants,Birmingham,atm
TXN-4fdbfab3-89e6-422a-b081-23c383b809e6,2025-02-05 19:30:20,CASH_IN,52.93,ACC48478684,ACC12300840,11077.71,11130.64,355.53,355.53,0,0,healthcare,Edinburgh,mobile_app
TXN-42107936-ae51-495c-9f8e-1c1b95713549,2025-02-05 21:06:29,TRANSFER,6722.48,ACC56685830,ACC57271923,682.26,0.0,4366.71,11089.19,0,0,entertainment,Newcastle,online_banking
TXN-f5836ff0-5e68-4075-be87-979fc49694e3,2025-02-05 22:07:59,DEBIT,967.05,ACC20042733,ACC87034049,12075.86,11108.81,15817.87,16784.92,0,0,financial_services,Glasgow,mobile_app
TXN-0e9dad57-bc8f-45a3-9cfc-81881bfb05ef,2025-02-06 07:46:54,CASH_OUT,7264.73,ACC22458031,ACC78675400,14827.04,7562.31,3780.17,11044.9,0,0,healthcare,Liverpool,branch
TXN-dadbb91e-e1c8-4925-b006-7bf01e7a172a,2025-02-06 09:15:47,CASH_OUT,5626.13,ACC19104802,ACC51308532,12786.32,7160.19,338.92,5965.05,0,0,restaurants,Newcastle,atm
TXN-20ff6fc3-a19c-44fe-92b4-15b4889d3271,2025-02-06 09:48:03,CASH_OUT,1563.89,ACC26782477,ACC68843284,19397.35,17833.46,663.93,2227.82,0,0,groceries,Leeds,mobile_app
TXN-51f4957c-a928-4cb6-8d76-9b2c8c86eca4,2025-02-06 10:16:50,CASH_IN,4951.77,ACC36184828,ACC83552661,15178.51,20130.28,11731.89,11731.89,0,0,financial_services,Manchester,branch
TXN-4d40289b-c180-47bb-8e9e-ac7dcb2b48ba,2025-02-06 13:34:51,CASH_OUT,5367.48,ACC75082045,ACC65296966,7097.42,1729.94,4311.53,9679.01,0,0,retail,Birmingham,mobile_app
TXN-06869d64-ce64-4dcf-a4a1-66332ce5750f,2025-02-06 14:34:48,CASH_OUT,6717.83,ACC83832717,ACC14925405,17168.89,10451.06,9894.11,16611.94,0,0,travel,Manchester,atm
TXN-e508e60d-7487-4eb6-9d67-8459d45e1369,2025-02-06 15:32:54,DEBIT,1211.74,ACC91717739,ACC52478375,13804.22,12592.48,28016.75,29228.49,0,0,restaurants,Newcastle,mobile_app
TXN-9921b8c6-bfdf-4c1a-98be-9870edd8e408,2025-02-06 20:21:24,DEBIT,1296.77,ACC88239864,ACC56720553,14764.82,13468.05,2058.52,3355.29,0,0,retail,Liverpool,online_banking
TXN-93a67fdf-f49a-443f-ba09-4e40029db585,2025-02-06 21:45:11,DEBIT,1812.61,ACC17712557,ACC33524492,18620.63,16808.02,12019.35,13831.96,0,0,travel,Nottingham,mobile_app
TXN-4888f4a0-5b73-4fae-aecc-114dbfd227c6,2025-02-06 22:01:16,PAYMENT,664.84,ACC38270233,ACC56020613,17805.28,17140.44,22272.5,22937.34,0,0,utilities,Glasgow,online_banking
TXN-eb19ca3a-42b5-4667-a677-8e49098a731d,2025-02-06 23:31:51,CASH_OUT,8798.43,ACC71244438,ACC56544270,9258.07,459.64,17283.98,26082.41,0,0,restaurants,Sheffield,card_terminal
TXN-74090f66-a00e-40d3-93d9-8aa1a2fa80cb,2025-02-07 02:54:18,DEBIT,1445.49,ACC41244663,ACC23556182,14120.98,12675.49,1374.73,2820.22,0,0,financial_services,Liverpool,atm
TXN-71431aec-7005-49f8-a99b-0e9db7132563,2025-02-07 03:44:03,DEBIT,1570.58,ACC78658060,ACC65738565,2549.2,978.62,24747.75,26318.33,0,0,entertainment,London,atm
TXN-414b96fc-73f5-41d0-8280-ce98d85a204e,2025-02-07 07:58:06,PAYMENT,360.9,ACC14313313,ACC73508844,14687.76,14326.86,12961.52,13322.42,0,0,retail,Leeds,atm
TXN-9c0cedda-0b53-42d0-bed1-5336803ce42e,2025-02-07 13:53:18,CASH_OUT,6280.54,ACC63912988,ACC22862118,1409.23,0.0,20326.93,26607.47,0,0,financial_services,Leeds,card_terminal
TXN-3cd05c2b-ff52-4cad-bb81-9542a0290682,2025-02-07 23:46:37,CASH_IN,2269.68,ACC32465588,ACC10072871,119.92,2389.6,13939.56,13939.56,0,0,groceries,Nottingham,card_terminal
TXN-ef78251a-1b8e-49c3-9595-20adf9574d22,2025-02-08 00:14:20,PAYMENT,2457.48,ACC50310141,ACC39781129,11955.68,9498.2,15528.28,17985.76,0,0,utilities,Bristol,mobile_app
TXN-71cf184b-9c82-4784-9809-ca879e7c2bc5,2025-02-08 00:22:09,CASH_IN,4450.77,ACC33981630,ACC98538924,12707.68,17158.45,13526.36,13526.36,0,0,groceries,Manchester,branch
TXN-291ecdf9-60d4-4b12-86bc-c12c225ebc74,2025-02-08 09:28:20,TRANSFER,7126.02,ACC33336132,ACC14171767,19371.16,12245.14,11887.33,19013.35,1,0,financial_services,Nottingham,mobile_app
TXN-14283d64-9cb9-463d-b706-064d83bd2bef,2025-02-08 09:59:34,PAYMENT,100.51,ACC35587594,ACC91072076,4086.1,3985.59,5899.39,5999.9,0,0,entertainment,Edinburgh,atm
TXN-7cb23dc3-9dc0-4b16-be68-bf52dc9e8e3a,2025-02-08 17:17:25,CASH_OUT,3396.92,ACC12232974,ACC59440148,16582.96,13186.04,15970.19,19367.11,0,0,retail,Glasgow,card_terminal
TXN-0234de12-8cc5-4361-bbd2-b89976dd8660,2025-02-08 17:51:37,TRANSFER,5988.96,ACC86863404,ACC83841249,15495.85,9506.89,18761.0,24749.96,0,0,retail,Manchester,atm
TXN-45f1c279-c8d1-4f28-b09b-6f9ca88e2b0d,2025-02-09 00:14:05,CASH_IN,1133.25,ACC75089577,ACC93706754,13546.05,14679.3,25567.67,25567.67,0,0,utilities,Manchester,online_banking
TXN-6c8ecdb4-89ba-44d6-87ce-d89f410d66fd,2025-02-09 09:31:23,TRANSFER,3250.07,ACC58270683,ACC78829070,5732.88,2482.81,13987.51,17237.58,0,0,travel,Nottingham,card_terminal
TXN-c4a1bbf0-aa1e-4b4f-97fe-453a919266d6,2025-02-09 12:04:43,PAYMENT,352.38,ACC74277995,ACC30738427,15217.47,14865.09,26771.71,27124.09,0,0,utilities,London,online_banking
TXN-493d674f-48bf-47a5-b5eb-52c769d195bc,2025-02-09 14:52:08,CASH_OUT,3173.46,ACC53779528,ACC64009265,16975.5,13802.04,21592.63,24766.09,0,0,restaurants,Newcastle,card_terminal
TXN-b6165507-bdf6-4988-8472-3abab73892e1,2025-02-09 16:30:54,CASH_OUT,5395.12,ACC48013916,ACC60351362,11101.76,5706.64,5270.98,10666.1,0,0,healthcare,Cardiff,card_terminal
TXN-20deb180-6981-4320-afcf-6a90f463c122,2025-02-09 20:03:19,CASH_IN,163.77,ACC11835355,ACC84121929,12637.44,12801.21,23979.41,23979.41,0,0,financial_services,Manchester,mobile_app
TXN-9c9db4dc-11d6-4ec0-81be-15fb696071c0,2025-02-09 21:34:24,CASH_OUT,4148.7,ACC21400686,ACC18791292,1223.34,0.0,7326.87,11475.57,0,0,restaurants,Manchester,atm
TXN-40e64ed9-cd5e-49fe-aeba-619ce1db02d9,2025-02-10 04:30:02,CASH_OUT,4269.71,ACC72532267,ACC24806384,10333.59,6063.88,12227.34,16497.05,0,0,healthcare,Birmingham,branch
TXN-6036a668-4868-4a3f-9274-6a5400abb29b,2025-02-10 05:05:27,PAYMENT,1882.35,ACC43257324,ACC47173969,11832.52,9950.17,11520.96,13403.31,0,0,transport,Leeds,online_banking
TXN-52fb9863-07af-4e6f-affd-2f79d9568521,2025-02-10 08:48:05,CASH_OUT,9754.97,ACC72608888,ACC26444612,2702.25,0.0,11116.21,20871.18,0,0,restaurants,Nottingham,atm
TXN-3da20272-e7f6-47ab-a538-518b99bcff69,2025-02-10 09:16:48,CASH_IN,4140.55,ACC60237832,ACC30486849,8034.73,12175.28,21888.38,21888.38,0,0,travel,Manchester,atm
TXN-63b5668b-3c1b-4104-a0e3-f9655bf5b84e,2025-02-10 10:54:46,DEBIT,978.01,ACC86541203,ACC50876026,11600.84,10622.83,5870.0,6848.01,0,0,financial_services,Edinburgh,atm
TXN-4f928df5-e683-4b8e-94a2-a3c6410e2d02,2025-02-10 14:13:22,CASH_OUT,9806.39,ACC57759672,ACC27383462,15058.42,5252.03,28762.17,38568.56,0,0,transport,Bristol,mobile_app
TXN-54c20694-782c-4383-9dbb-f1aae345b7ab,2025-02-10 19:39:29,DEBIT,1586.55,ACC85821325,ACC30076290,12680.65,11094.1,1623.84,3210.39,0,0,retail,Newcastle,mobile_app
TXN-c36403fe-9042-466f-a057-88e9be12b24e,2025-02-10 19:56:16,TRANSFER,7716.45,ACC11419753,ACC11137651,10447.05,2730.6,20331.54,28047.99,0,0,transport,London,card_terminal
TXN-7f2478de-2348-42eb-9c18-8184005a76a7,2025-02-10 22:15:34,DEBIT,2127.64,ACC39648058,ACC95851936,15439.52,13311.88,17024.48,19152.12,0,0,transport,Nottingham,branch
TXN-c6c9ed98-a577-4343-a25a-bb43308f4699,2025-02-10 22:40:46,TRANSFER,4363.04,ACC24436339,ACC91509842,8978.54,4615.5,17889.89,22252.93,0,0,financial_services,Sheffield,branch
TXN-9910ee92-72c2-44dd-a724-9e2d75df6a84,2025-02-11 06:36:24,CASH_OUT,1584.56,ACC13646855,ACC17851976,19048.08,17463.52,20358.26,21942.82,0,0,restaurants,Sheffield,mobile_app
TXN-de0ee10d-774a-45c1-b69c-91b5caff7d13,2025-02-11 10:15:35,CASH_IN,4370.06,ACC36664193,ACC21327835,2756.85,7126.91,5204.37,5204.37,0,0,financial_services,Bristol,branch
TXN-63e34933-b32f-4989-b4b4-144c4a402dd1,2025-02-11 15:51:45,DEBIT,78.07,ACC40379009,ACC32842710,1051.9,973.83,311.88,389.95,0,0,transport,Leeds,mobile_app
TXN-3a140c30-4fc1-4297-9f47-ca0fe720627d,2025-02-11 16:39:31,PAYMENT,2318.12,ACC43122766,ACC67385552,19713.99,17395.87,26013.87,28331.99,0,0,financial_services,London,online_banking
TXN-11e2a933-4a9c-4cf3-8930-2662ac63b749,2025-02-11 21:57:44,CASH_OUT,8163.98,ACC36957830,ACC74291599,17204.22,9040.24,29226.76,37390.74,0,0,retail,Birmingham,branch
TXN-92cd6972-ec94-46ee-8dbe-8d68afff5e86,2025-02-12 06:07:17,DEBIT,1312.29,ACC20251466,ACC78515906,7975.76,6663.47,9308.24,10620.53,0,0,transport,Newcastle,branch
TXN-ed608551-6061-416b-9a72-bc293a31edc8,2025-02-12 07:12:51,DEBIT,1575.53,ACC81603135,ACC20542212,13833.49,12257.96,13375.09,14950.62,0,0,travel,Cardiff,card_terminal
TXN-218ed950-9d66-452d-b390-b2e61d0d1096,2025-02-12 11:49:27,TRANSFER,2617.63,ACC70838623,ACC75432046,7332.64,4715.01,5500.59,8118.22,0,0,groceries,Manchester,card_terminal
TXN-7d33e01b-3eb6-4290-b009-9d45ed8b6455,2025-02-12 13:58:31,TRANSFER,2442.7,ACC28783850,ACC20526386,16709.55,14266.85,11674.7,14117.4,0,0,healthcare,Edinburgh,card_terminal
TXN-79db256a-1867-4018-98e2-deb6cd36d848,2025-02-12 21:03:33,CASH_OUT,6695.21,ACC85980240,ACC55051587,13926.15,7230.94,29457.7,36152.91,0,0,restaurants,Sheffield,online_banking
TXN-7053b5a9-4e0c-48b7-b6d7-b31b062299e6,2025-02-12 22:58:30,DEBIT,362.34,ACC33732951,ACC52065724,17261.64,16899.3,5410.7,5773.04,0,0,groceries,London,branch
TXN-cef81a71-466e-4c57-be7d-8bfa80523b72,2025-02-13 15:30:46,PAYMENT,1021.21,ACC74316496,ACC18234220,6198.27,5177.06,18999.3,20020.51,0,0,healthcare,Sheffield,branch
TXN-171b62d0-3c11-4777-979c-6b8d57fe2aca,2025-02-13 15:47:21,PAYMENT,749.01,ACC27956913,ACC56000822,5887.47,5138.46,21834.96,22583.97,0,0,travel,Bristol,mobile_app
TXN-b7e24f4b-44fb-4cda-a56d-65483a6fd81b,2025-02-14 10:18:48,CASH_OUT,4331.71,ACC77376391,ACC99298543,13239.04,8907.33,19.25,4350.96,0,0,healthcare,Birmingham,mobile_app
TXN-2062bd52-d9c2-4a6e-891a-d5655d44a4b2,2025-02-14 14:20:05,TRANSFER,5281.07,ACC33461307,ACC71363812,8521.2,3240.13,28189.63,33470.7,1,0,transport,Edinburgh,mobile_app
TXN-bff9d550-8623-4153-91c9-365c052ba9c3,2025-02-14 14:29:43,CASH_IN,1863.66,ACC28531242,ACC98487446,11142.74,13006.4,7613.33,7613.33,0,0,transport,Edinburgh,online_banking
TXN-d2624827-0406-43af-9ed1-beed6e224b72,2025-02-14 15:57:04,CASH_OUT,6990.27,ACC41152352,ACC78133743,514.06,0.0,8640.32,15630.59,0,0,utilities,Cardiff,branch
TXN-b805c98e-859d-4384-abdd-5e52c6fb937a,2025-02-14 20:15:10,PAYMENT,1270.99,ACC59333209,ACC25419645,3179.13,1908.14,14465.68,15736.67,0,0,restaurants,Cardiff,card_terminal
TXN-2b01f777-c82f-4b86-8649-42263f59e455,2025-02-14 21:26:47,PAYMENT,1075.25,ACC87325627,ACC23115341,18774.59,17699.34,14463.7,15538.95,0,0,financial_services,Birmingham,card_terminal
TXN-41f48656-b151-47ad-a11a-68aca5287c93,2025-02-15 01:46:25,TRANSFER,1674.92,ACC48903840,ACC49146492,5526.14,3851.22,12585.42,14260.34,0,0,healthcare,Glasgow,atm
TXN-2b30e0a8-526d-434f-a428-cf7218abb816,2025-02-15 06:28:42,CASH_IN,406.37,ACC39081281,ACC14623108,15295.42,15701.79,20321.49,20321.49,0,0,healthcare,Leeds,online_banking
TXN-6115e701-c0d0-45e4-b7d5-03eb3644362c,2025-02-15 06:47:32,CASH_IN,3716.85,ACC42174926,ACC97580116,2697.91,6414.76,13611.19,13611.19,0,0,utilities,Liverpool,mobile_app
TXN-b9832054-0e96-4c51-82fe-4fc08fa50c71,2025-02-15 06:58:21,CASH_IN,1123.17,ACC22075101,ACC92334886,493.66,1616.83,8434.03,8434.03,0,0,restaurants,Edinburgh,mobile_app
TXN-79002b64-0b06-4b69-ad52-ec1219cedc36,2025-02-15 11:28:27,CASH_IN,1700.81,ACC83830667,ACC53574336,3247.71,4948.52,29953.01,29953.01,0,0,retail,Sheffield,card_terminal
TXN-e9508fed-d5fc-4480-8d9e-0e536ae501be,2025-02-15 18:13:39,CASH_OUT,4705.68,ACC77539115,ACC38290431,14489.0,9783.32,8307.12,13012.8,0,0,retail,Edinburgh,online_banking
TXN-f05f951e-3d99-463c-8fd7-fed5836a6005,2025-02-16 00:08:20,TRANSFER,543.87,ACC67392300,ACC21761279,11478.22,10934.35,25195.64,25739.51,0,0,restaurants,Glasgow,mobile_app
TXN-9d64e5ab-c53c-4398-a99d-30d47a3c80b9,2025-02-16 03:05:15,TRANSFER,9566.84,ACC15817913,ACC91135473,5708.1,0.0,2288.7,11855.54,0,0,entertainment,Birmingham,mobile_app
TXN-337b4247-82ca-4ce4-867b-83a9aca7427e,2025-02-16 03:12:31,PAYMENT,433.82,ACC68614462,ACC24208709,18957.52,18523.7,13802.91,14236.73,0,0,utilities,Sheffield,atm
TXN-fea5be74-3351-4e44-b174-a3609e1349b8,2025-02-16 05:08:37,PAYMENT,189.06,ACC20602300,ACC42889491,16765.0,16575.94,26114.31,26303.37,0,0,transport,London,card_terminal
TXN-77ee2535-8dbe-4f83-b75e-43508736a521,2025-02-16 06:31:59,DEBIT,1493.99,ACC50569669,ACC11898961,19612.16,18118.17,24978.85,26472.84,0,0,healthcare,Birmingham,card_terminal
TXN-54dac132-1329-436c-955f-aa3cfe67d58c,2025-02-16 13:09:27,PAYMENT,1674.02,ACC89042306,ACC80982664,13690.93,12016.91,23113.91,24787.93,0,0,retail,Leeds,mobile_app
TXN-0c542e0d-f6d6-4847-85f9-40a33b71a6f3,2025-02-16 14:17:25,DEBIT,1360.96,ACC39971710,ACC89134873,19974.69,18613.73,14163.12,15524.08,0,0,restaurants,Birmingham,atm
TXN-283f4aad-cd06-4dbe-be4e-17675d25b33f,2025-02-16 17:18:08,CASH_IN,3420.04,ACC59357131,ACC51362065,19269.98,22690.02,26383.01,26383.01,0,0,groceries,Glasgow,branch
TXN-3fac7ec2-4b71-4221-a6b2-e1b4ed080417,2025-02-16 18:39:31,CASH_OUT,4039.35,ACC93836675,ACC52096774,17154.32,13114.97,27514.2,31553.55,0,0,retail,Manchester,atm
TXN-5e18f520-937d-48c4-bc1a-d83b6f739eca,2025-02-16 22:41:59,DEBIT,2325.92,ACC67834613,ACC15370440,6894.16,4568.24,23560.56,25886.48,0,0,financial_services,Leeds,card_terminal
TXN-27fde6e7-2914-4094-a1eb-126d638d2723,2025-02-17 06:47:35,CASH_IN,473.86,ACC69830944,ACC15988382,10928.11,11401.97,5546.44,5546.44,0,0,restaurants,Nottingham,atm
TXN-df93e26a-ec7b-4c50-9c9f-33c478f3f453,2025-02-17 15:40:50,TRANSFER,9039.07,ACC29538047,ACC42775624,1015.22,0.0,23884.3,32923.37,0,0,healthcare,Sheffield,atm
TXN-54abe439-114f-4c34-a74b-df6068eadca8,2025-02-17 16:54:06,PAYMENT,87.51,ACC77796914,ACC63276690,1106.13,1018.62,10811.25,10898.76,0,0,transport,Glasgow,online_banking
TXN-77b10af4-eb04-40e4-a342-5bab5fcf52d5,2025-02-17 21:13:22,TRANSFER,2937.42,ACC96870487,ACC71493746,5309.81,2372.39,18530.41,21467.83,0,0,transport,London,mobile_app
TXN-36502204-ded5-480d-8f10-893e6154b98b,2025-02-18 02:16:18,CASH_IN,3208.28,ACC58518736,ACC67728351,6471.71,9679.99,939.7,939.7,0,0,travel,Leeds,online_banking
TXN-fb2a2cbf-8451-4423-b067-92b78bd814ac,2025-02-18 02:27:49,DEBIT,2329.04,ACC67354434,ACC83882978,1953.21,0.0,8978.83,11307.87,0,0,transport,Liverpool,atm
TXN-16ce989d-9891-4a60-b895-b09462fa985b,2025-02-18 05:22:49,PAYMENT,1203.72,ACC42507072,ACC14237322,10532.22,9328.5,21635.49,22839.21,0,0,transport,Leeds,card_terminal
TXN-e6459333-c579-4dd6-a262-6ffd17ff010f,2025-02-18 11:29:37,CASH_OUT,5327.9,ACC81169409,ACC15505291,8751.21,3423.31,8663.77,13991.67,0,0,transport,Newcastle,online_banking
TXN-779e0d59-ae97-4920-bc04-288aeae5b688,2025-02-18 14:26:30,CASH_OUT,5807.91,ACC36619372,ACC20200074,18584.85,12776.94,17273.9,23081.81,0,0,utilities,Manchester,mobile_app
TXN-cbfdda9b-0620-4c6b-b12b-e28bffbf0ce8,2025-02-18 17:21:55,CASH_IN,522.99,ACC88699665,ACC15020855,16169.14,16692.13,4505.6,4505.6,0,0,restaurants,Birmingham,card_terminal
TXN-d59c7f39-6039-49df-bbc2-bd1e7f52c07c,2025-02-18 18:55:13,CASH_OUT,6685.88,ACC43236783,ACC24123318,16320.08,9634.2,17182.97,23868.85,0,0,retail,Newcastle,atm
TXN-f9356929-c97d-4a70-a2b8-86efce1f39ec,2025-02-18 20:44:43,DEBIT,1449.96,ACC42981324,ACC77015110,8409.8,6959.84,4572.34,6022.3,0,0,healthcare,Glasgow,card_terminal
TXN-7df791da-1926-41e1-ac04-ffc20c08afd6,2025-02-18 21:45:01,TRANSFER,1305.61,ACC81210133,ACC49580505,12523.92,11218.31,17560.94,18866.55,0,0,travel,Newcastle,mobile_app
TXN-6625afff-c31e-490c-b352-a3441e916314,2025-02-18 23:14:55,CASH_OUT,1279.71,ACC59858348,ACC24541967,7434.85,6155.14,22470.35,23750.06,0,0,utilities,Nottingham,card_terminal
TXN-98abe668-27cb-4916-a032-a406043926be,2025-02-18 23:58:33,TRANSFER,4911.83,ACC22027404,ACC72233240,13790.88,8879.05,28636.66,33548.49,0,0,financial_services,Liverpool,branch
TXN-17c20487-96ad-4613-90b5-45b09cc3fd10,2025-02-19 03:53:14,TRANSFER,5567.03,ACC94639988,ACC58219211,19353.51,13786.48,19822.02,25389.05,0,0,travel,Manchester,online_banking
TXN-9a8e0467-c6b9-4f03-ada2-20d635f159a6,2025-02-19 05:27:51,DEBIT,114.87,ACC34019729,ACC14746418,17272.28,17157.41,7336.54,7451.41,0,0,healthcare,Edinburgh,mobile_app
TXN-8dbb8e2f-2f8c-4e15-82c5-2f167d15ec6a,2025-02-19 07:44:47,TRANSFER,3597.93,ACC71575863,ACC39540811,3555.07,0.0,12064.18,15662.11,0,0,transport,Glasgow,mobile_app
TXN-8e37cc34-660a-407d-b30e-5765cd9a5a14,2025-02-19 09:39:20,CASH_IN,1084.46,ACC71070189,ACC48285503,8080.7,9165.16,1759.06,1759.06,0,0,financial_services,Edinburgh,branch
TXN-7c94ec50-a4ae-43d7-a922-742789d9b3ee,2025-02-19 15:24:41,CASH_IN,4359.79,ACC90154282,ACC44390017,19490.54,23850.33,11926.64,11926.64,0,0,transport,Manchester,online_banking
TXN-f82e72ed-b455-45b5-a071-8dd4754fb1d1,2025-02-19 15:25:35,CASH_IN,3689.85,ACC52901755,ACC58992670,6284.9,9974.75,17701.79,17701.79,0,0,entertainment,Newcastle,card_terminal
TXN-b2d079bc-422d-4716-a5e0-a9b38bef363a,2025-02-19 23:59:46,DEBIT,1040.56,ACC34621479,ACC86318249,3673.6,2633.04,18532.1,19572.66,0,0,transport,Sheffield,online_banking
TXN-5e8bc211-44d5-4651-8d09-129b29351b36,2025-02-20 01:25:44,CASH_IN,4138.51,ACC84853354,ACC61995659,944.08,5082.59,29875.09,29875.09,0,0,healthcare,Glasgow,branch
TXN-715c773f-a17a-431b-bfe1-6164c73b336e,2025-02-20 03:44:46,CASH_IN,1265.46,ACC88335942,ACC88863503,4037.74,5303.2,25381.07,25381.07,0,0,restaurants,Birmingham,online_banking
TXN-83a33310-de53-4654-a6e6-c273f17e80bb,2025-02-20 09:18:13,CASH_OUT,5372.36,ACC50384524,ACC22113193,4804.0,0.0,13272.08,18644.44,1,0,utilities,Liverpool,mobile_app
TXN-45e040d3-f506-47dd-b506-c11510506e82,2025-02-20 10:51:57,CASH_OUT,4033.43,ACC71012928,ACC76214520,11173.36,7139.93,9395.24,13428.67,0,0,transport,Bristol,atm
TXN-39036034-6a2c-4596-bea3-b12bbc0fdf96,2025-02-20 12:04:09,TRANSFER,4059.59,ACC41887353,ACC16615722,12403.07,8343.48,20424.39,24483.98,0,0,travel,Liverpool,atm
TXN-322fe0a2-8dfa-4199-ade2-b3dc6bd9cfc2,2025-02-20 12:05:44,CASH_IN,3091.01,ACC93240786,ACC60987966,9211.45,12302.46,4064.69,4064.69,1,0,retail,Nottingham,card_terminal
TXN-3136bd8b-6775-44e3-9e2e-e29cdd28f59e,2025-02-20 14:35:10,CASH_IN,1993.92,ACC89263249,ACC23652916,10500.98,12494.9,20295.56,20295.56,0,0,entertainment,Manchester,mobile_app
TXN-2749f803-b586-43d6-9a5e-5bb88f7389bd,2025-02-20 18:16:39,PAYMENT,2042.67,ACC60192261,ACC41645597,17704.13,15661.46,27914.16,29956.83,0,0,financial_services,Manchester,online_banking
TXN-09dd8a4b-deb0-4d61-afa1-d3046c24d130,2025-02-20 19:15:16,PAYMENT,336.81,ACC27092236,ACC39888974,17219.7,16882.89,3559.0,3895.81,0,0,groceries,London,card_terminal
TXN-280f9edf-abcc-4afe-bcc4-99ab41bb21f9,2025-02-20 20:05:58,CASH_OUT,9112.5,ACC53771998,ACC47071046,18292.06,9179.56,2010.36,11122.86,0,0,healthcare,Nottingham,atm
TXN-8d807afd-0f06-4453-85e6-c4a01a4c43b3,2025-02-20 20:17:28,CASH_IN,720.97,ACC59093496,ACC22120246,19333.35,20054.32,25804.22,25804.22,0,0,financial_services,London,mobile_app
TXN-b6648477-21e6-469c-a1d5-fafe93e4bbca,2025-02-21 01:51:45,CASH_IN,4414.63,ACC86541906,ACC85405783,14577.41,18992.04,22915.7,22915.7,0,0,utilities,Bristol,online_banking
TXN-82cbe449-4907-4123-a4d6-07e86afdf054,2025-02-21 05:58:58,TRANSFER,7190.38,ACC68260195,ACC18250139,10395.24,3204.86,2087.44,9277.82,0,0,financial_services,London,mobile_app
TXN-911d5884-2b39-47e0-99f8-7ff8806f5da4,2025-02-21 07:10:59,DEBIT,1631.83,ACC50470861,ACC21311994,13979.67,12347.84,26630.25,28262.08,0,0,groceries,Newcastle,card_terminal
TXN-e3a43132-801e-49ab-81a1-518ac17e894d,2025-02-21 14:46:23,DEBIT,26.29,ACC87840078,ACC97954019,6059.54,6033.25,24669.27,24695.56,0,0,groceries,Nottingham,atm
TXN-cf3f9710-6f7c-4df0-86dc-6ebd3b676352,2025-02-21 15:58:55,PAYMENT,1496.47,ACC41452485,ACC82445335,14095.4,12598.93,1460.29,2956.76,0,0,utilities,London,branch
TXN-12cf30ae-a604-483d-aa2b-54685d600ef5,2025-02-21 18:12:26,CASH_OUT,5600.43,ACC15402922,ACC16080513,7375.57,1775.14,4328.02,9928.45,0,0,groceries,Birmingham,atm
TXN-9d753e11-d72e-404b-b37d-47755f78f703,2025-02-21 19:31:22,CASH_OUT,8650.31,ACC54446182,ACC13704481,19341.09,10690.78,8373.75,17024.06,0,0,transport,Liverpool,atm
TXN-5ce3420f-0bf5-4a31-a065-91a62738f297,2025-02-22 01:14:00,TRANSFER,9163.11,ACC46780559,ACC20750109,12663.92,3500.81,26384.02,35547.13,0,0,travel,Nottingham,online_banking
TXN-a8b81e06-afdd-4212-be41-da0b649ff189,2025-02-22 02:40:43,CASH_IN,4565.34,ACC75299245,ACC93977718,4238.65,8803.99,3020.15,3020.15,0,0,transport,Leeds,atm
TXN-4802b509-2cc4-4527-8f16-567550dc5d8a,2025-02-22 03:14:08,CASH_OUT,9678.45,ACC24666517,ACC95386667,13203.87,3525.42,11483.66,21162.11,0,0,retail,Birmingham,card_terminal
TXN-45da49ed-51c9-450a-847e-58ee475f98e6,2025-02-22 03:53:39,PAYMENT,2242.71,ACC44130133,ACC91987136,9899.2,7656.49,24655.16,26897.87,0,0,utilities,Leeds,mobile_app
TXN-53ad3c29-46ee-4301-a99c-2221a3d41c15,2025-02-22 04:30:32,PAYMENT,1079.86,ACC75419352,ACC10927505,4031.13,2951.27,15872.9,16952.76,0,0,entertainment,Glasgow,mobile_app
TXN-77bfd2bc-dad7-479e-9921-91a9a411a42e,2025-02-22 07:16:48,TRANSFER,2339.13,ACC60403103,ACC39616854,2291.64,0.0,6833.46,9172.59,0,0,transport,Nottingham,atm
TXN-334f1951-12bb-4943-b2a5-05c6812a627c,2025-02-22 21:04:11,PAYMENT,2180.13,ACC56008827,ACC98014684,4723.33,2543.2,28423.46,30603.59,0,0,retail,Nottingham,mobile_app
TXN-f2eef33d-9a40-4194-ac09-4f28de143c03,2025-02-22 21:52:33,TRANSFER,6084.93,ACC29154498,ACC88201440,9481.13,3396.2,14450.05,20534.98,0,0,entertainment,Cardiff,branch
TXN-5cda5ad3-b334-404e-99eb-cadaa53359c5,2025-02-23 12:01:23,TRANSFER,1615.71,ACC25212062,ACC74628070,12080.2,10464.49,24508.65,26124.36,0,0,travel,Nottingham,online_banking
TXN-eb207bfa-60f6-46a3-abab-9dd85dcda00b,2025-02-23 13:38:01,CASH_OUT,1840.81,ACC61335545,ACC70201634,2795.03,954.22,19245.75,21086.56,0,0,financial_services,Sheffield,branch
TXN-a280c3e7-e421-413d-8cb1-a9768fc65650,2025-02-23 14:51:51,PAYMENT,2354.26,ACC30027648,ACC50250352,13459.72,11105.46,23574.14,25928.4,0,0,financial_services,Birmingham,atm
TXN-865af132-7363-4615-b27c-94e6be77d292,2025-02-23 16:09:37,PAYMENT,1044.26,ACC96528081,ACC12883305,13679.83,12635.57,27951.64,28995.9,0,0,restaurants,Leeds,atm
TXN-1212da15-d2eb-47f6-ac36-03870ec18cd3,2025-02-23 19:46:22,CASH_OUT,2238.62,ACC82079745,ACC64145722,3759.0,1520.38,2045.29,4283.91,0,0,transport,Bristol,card_terminal
TXN-1e1fe2ea-2351-4a3d-b0a3-f0075289d510,2025-02-23 22:55:44,PAYMENT,615.88,ACC87265240,ACC36096655,9555.21,8939.33,25492.13,26108.01,0,0,financial_services,Nottingham,mobile_app
TXN-b7d61ba8-b4ab-4866-a1d7-8a3166ac9a66,2025-02-24 06:07:29,DEBIT,1697.4,ACC17560687,ACC22891308,19770.84,18073.44,4428.16,6125.56,0,0,retail,Nottingham,mobile_app
TXN-6aba5995-e947-4258-81e7-78c2bd85820d,2025-02-24 07:21:58,PAYMENT,45.62,ACC27705074,ACC97241147,18595.71,18550.09,4739.51,4785.13,0,0,restaurants,Birmingham,branch
TXN-764c48fd-4f97-4fdc-906c-407deb70ee4d,2025-02-24 10:04:25,CASH_OUT,4910.89,ACC15917225,ACC10475894,18116.2,13205.31,25383.11,30294.0,0,0,retail,Birmingham,card_terminal
TXN-2d8a0a55-5ae8-41cd-97f2-08a260cf6675,2025-02-24 12:31:04,DEBIT,148.01,ACC36227100,ACC36893461,10191.45,10043.44,25055.25,25203.26,0,0,utilities,Manchester,online_banking
TXN-7139984d-216d-42b1-bfa8-eb0ddc7e0644,2025-02-24 13:42:25,CASH_OUT,8060.6,ACC56802956,ACC71605671,6178.65,0.0,29010.73,37071.33,0,0,restaurants,Leeds,card_terminal
TXN-e13faa14-29f4-4c3b-9d34-cc0afe95092a,2025-02-24 15:02:15,CASH_OUT,524.9,ACC22681476,ACC72365138,1623.0,1098.1,1352.85,1877.75,0,0,restaurants,Bristol,card_terminal
TXN-618c417d-8f7f-43de-9764-301c4d4b0398,2025-02-24 17:00:20,TRANSFER,5511.03,ACC51803852,ACC32033022,15925.14,10414.11,6131.2,11642.23,0,0,utilities,Leeds,card_terminal
TXN-521286be-5a7a-4f98-8263-3fdffa800f58,2025-02-24 17:40:56,TRANSFER,7556.64,ACC91480362,ACC69330166,1090.27,0.0,2447.45,10004.09,0,0,financial_services,Liverpool,online_banking
TXN-c90a2512-17b1-44bf-93c5-9c58085c6f46,2025-02-24 23:33:13,PAYMENT,1993.63,ACC14966557,ACC37110707,6279.76,4286.13,14561.47,16555.1,0,0,entertainment,Liverpool,online_banking
TXN-b28c0f5e-f2cc-410f-9ae3-bd83406bba11,2025-02-25 07:57:04,TRANSFER,3956.71,ACC92405160,ACC96347387,12945.12,8988.41,3252.91,7209.62,0,0,transport,Nottingham,card_terminal
TXN-9f4b00b2-2e61-4f34-a9bf-2377ee169f40,2025-02-25 08:48:17,CASH_OUT,8209.34,ACC84590103,ACC62527771,12038.92,3829.58,10052.7,18262.04,0,0,utilities,Cardiff,card_terminal
TXN-f37a8274-3c35-4e3c-8357-64082a3f9f99,2025-02-25 10:04:24,CASH_IN,44.06,ACC58249394,ACC28026223,4998.89,5042.95,6645.77,6645.77,0,0,retail,Nottingham,online_banking
TXN-520298f4-b556-4c01-8fb8-2097a0ec44c1,2025-02-25 10:18:03,PAYMENT,1250.53,ACC45328305,ACC92266282,19470.09,18219.56,8430.02,9680.55,0,0,restaurants,Newcastle,online_banking
TXN-044d2cb0-7787-4c82-8aa5-84acb52daa16,2025-02-25 14:22:20,DEBIT,1992.93,ACC43540489,ACC31913660,11009.42,9016.49,5657.13,7650.06,0,0,financial_services,Sheffield,online_banking
TXN-206fd98b-92eb-427e-8b35-80ed6d6770e0,2025-02-25 17:17:10,PAYMENT,2387.97,ACC31311258,ACC91028510,17327.42,14939.45,3897.97,6285.94,0,0,restaurants,Cardiff,branch
TXN-fb09ecad-0447-4773-b1f9-440e9ca80621,2025-02-26 01:35:26,TRANSFER,8321.88,ACC65144509,ACC58895439,15444.85,7122.97,24271.31,32593.19,0,0,utilities,Nottingham,online_banking
TXN-8f943ca0-1cee-4a28-9855-c3edaa966ae6,2025-02-26 04:13:55,DEBIT,509.38,ACC37568520,ACC88268756,10779.54,10270.16,4936.11,5445.49,0,0,travel,Manchester,card_terminal
TXN-b091be49-d70e-4ab6-9ca2-8dcddd77e2a4,2025-02-26 08:12:43,PAYMENT,1860.46,ACC95065651,ACC96923747,4141.44,2280.98,26065.5,27925.96,0,0,retail,Cardiff,mobile_app
TXN-69983019-7606-4402-952e-789c567560c4,2025-02-26 09:28:52,TRANSFER,1654.48,ACC59616555,ACC34762712,2426.65,772.17,29813.19,31467.67,0,0,utilities,Newcastle,online_banking
TXN-a04d9474-1568-4b8b-94e2-dcb305a6e2e3,2025-02-26 16:05:54,CASH_OUT,2141.32,ACC38682516,ACC78608612,15736.6,13595.28,18199.85,20341.17,0,0,travel,Edinburgh,atm
TXN-1727a63c-effe-4c5c-b1e2-7891f90f9ca0,2025-02-27 00:37:40,CASH_IN,2784.78,ACC22489409,ACC49491631,4882.45,7667.23,14282.79,14282.79,0,0,utilities,Sheffield,branch
TXN-b9e0d467-9b14-414e-8d59-4bf41065df63,2025-02-27 02:19:44,TRANSFER,7181.88,ACC63584671,ACC91181404,9233.23,2051.35,6051.08,13232.96,0,0,utilities,Newcastle,card_terminal
TXN-2f8a829a-da5a-499b-a51c-9ea7ef9034ad,2025-02-27 04:27:19,CASH_OUT,7542.7,ACC80029938,ACC80811787,17767.19,10224.49,28975.09,36517.79,0,0,utilities,Cardiff,online_banking
TXN-9335b290-fa21-4f17-90a1-418fc0546e13,2025-02-27 06:00:05,PAYMENT,195.95,ACC43925761,ACC37833011,2193.97,1998.02,22996.17,23192.12,0,0,healthcare,London,atm
TXN-ed8a6e20-a869-4213-9fe6-4eb5a846b886,2025-02-27 11:30:26,TRANSFER,4617.99,ACC25932563,ACC76756320,16045.1,11427.11,13442.96,18060.95,0,0,groceries,Manchester,mobile_app
TXN-8dec8f88-8c1a-4f85-b049-f4aa1a2ca11e,2025-02-27 13:30:37,DEBIT,974.11,ACC22410307,ACC81891784,5174.41,4200.3,9907.89,10882.0,0,0,utilities,London,online_banking
TXN-684fd010-7ba7-49bc-b33c-9a66a877d61c,2025-02-27 16:58:06,PAYMENT,344.6,ACC52148834,ACC64561191,15425.92,15081.32,3269.19,3613.79,0,0,transport,Newcastle,online_banking
TXN-90b20340-afaf-4948-b89c-28ca8c1ab6e5,2025-02-27 19:11:02,CASH_IN,4827.96,ACC33481693,ACC45609215,17555.17,22383.13,20364.05,20364.05,0,0,retail,Bristol,mobile_app
TXN-818c8000-69b1-4434-b633-ea0a7f8a6ca4,2025-02-28 03:25:15,TRANSFER,7723.69,ACC79946108,ACC99390064,8914.92,1191.23,22128.57,29852.26,1,1,utilities,Nottingham,branch
TXN-8a9ff2e7-0dc0-418f-bb17-16d92c377175,2025-02-28 05:14:52,PAYMENT,905.34,ACC84021128,ACC66515994,17001.65,16096.31,23359.41,24264.75,0,0,utilities,Leeds,atm
TXN-54b1daf2-e7b1-40e8-bbf7-7e5a1ff3afb8,2025-02-28 06:07:30,CASH_OUT,7645.44,ACC57268285,ACC32718459,9823.56,2178.12,21706.74,29352.18,0,0,entertainment,Edinburgh,atm
TXN-e8341622-f8d8-40a0-8857-41f9afbcdce0,2025-02-28 10:46:40,PAYMENT,192.25,ACC45450260,ACC72314252,14499.17,14306.92,27143.38,27335.63,0,0,groceries,Manchester,card_terminal
TXN-45765f49-04ee-4a4b-9685-2f0eb45b24e0,2025-02-28 16:53:06,CASH_OUT,7047.88,ACC28605786,ACC64406548,17172.65,10124.77,22418.6,29466.48,1,0,entertainment,Bristol,online_banking
TXN-f5d57d36-4f62-45e0-8f50-2d195a9d0870,2025-02-28 17:14:03,CASH_IN,4840.8,ACC14376489,ACC31050667,10312.39,15153.19,15874.23,15874.23,0,0,healthcare,Bristol,online_banking
TXN-f012e30a-5ec3-430d-98d6-b2cacde546fb,2025-02-28 18:32:50,CASH_IN,4470.04,ACC66925051,ACC84094900,13938.27,18408.31,27909.33,27909.33,0,0,travel,Sheffield,branch
TXN-8e55e693-e661-438a-ad19-53eac58e8967,2025-03-01 02:05:52,DEBIT,606.22,ACC85482164,ACC65388634,4584.36,3978.14,25726.24,26332.46,0,0,financial_services,Newcastle,branch
TXN-2879046c-ecc8-4d4c-b1a3-fe87dfb89f7a,2025-03-01 02:29:03,CASH_OUT,7105.54,ACC21079489,ACC83608832,2815.96,0.0,20108.87,27214.41,0,0,utilities,Edinburgh,mobile_app
TXN-73cff033-741d-47a4-9afe-1b80c668af99,2025-03-01 05:28:10,DEBIT,724.58,ACC80220858,ACC48893851,19392.45,18667.87,14967.81,15692.39,0,0,healthcare,Glasgow,atm
TXN-ec6890ab-b0d4-4c5c-859a-a95c1629cf9c,2025-03-01 06:03:41,PAYMENT,731.49,ACC66701914,ACC49516346,8020.99,7289.5,9136.62,9868.11,0,0,groceries,Edinburgh,online_banking
TXN-4082d04d-23ae-4ec1-b325-f52d623be20f,2025-03-01 06:36:59,CASH_IN,2830.67,ACC16749089,ACC44917589,639.33,3470.0,19282.49,19282.49,0,0,financial_services,Bristol,card_terminal
TXN-7d15abc8-f60c-44a6-bb76-cd6e9061bff5,2025-03-01 08:09:50,DEBIT,1088.09,ACC96920825,ACC30813102,8577.74,7489.65,1213.14,2301.23,0,0,travel,Newcastle,online_banking
TXN-e5cfaaf3-fad1-4e45-ba67-1edea66474d2,2025-03-01 09:19:46,DEBIT,600.17,ACC59512272,ACC32520277,9523.87,8923.7,3431.68,4031.85,0,0,transport,Birmingham,online_banking
TXN-4758335a-394d-48d2-b082-6b008dd943cc,2025-03-01 14:01:10,TRANSFER,797.69,ACC35221850,ACC75450681,9942.65,9144.96,6374.26,7171.95,0,0,transport,Bristol,mobile_app
TXN-a11c98ca-e08e-47c4-b9b5-ea4fcec3e601,2025-03-01 15:53:23,TRANSFER,592.94,ACC25572483,ACC76425800,3744.51,3151.57,14107.43,14700.37,0,0,groceries,Nottingham,online_banking
TXN-bdc31d60-07c3-4656-91b7-fb0c08bb1c0a,2025-03-01 17:25:22,PAYMENT,1367.3,ACC94790150,ACC34464938,16288.83,14921.53,5252.67,6619.97,0,0,entertainment,Manchester,atm
TXN-64890df9-9938-4369-87d2-5f1db23e0599,2025-03-01 20:05:05,TRANSFER,2405.53,ACC27417599,ACC92134318,9931.04,7525.51,10826.9,13232.43,0,0,transport,Manchester,online_banking
TXN-86a72333-a1d0-4fcc-8190-ba8eecaaec2a,2025-03-01 23:28:18,TRANSFER,8529.9,ACC83774735,ACC19817298,17042.62,8512.72,27971.1,36501.0,0,0,restaurants,Glasgow,card_terminal
TXN-4d97face-41ad-479d-b502-6ea551a0ad6c,2025-03-01 23:50:20,CASH_OUT,648.09,ACC11118594,ACC18938604,4093.85,3445.76,20895.8,21543.89,0,0,financial_services,Glasgow,online_banking
TXN-f45b8f8d-3553-4cae-a0f3-e43ecceabcf8,2025-03-02 11:25:39,PAYMENT,1685.88,ACC57451057,ACC39335449,16439.39,14753.51,2280.86,3966.74,0,0,restaurants,Birmingham,branch
TXN-a42f4a4a-1481-4090-b3d7-f02a87512379,2025-03-02 15:34:48,PAYMENT,472.42,ACC54835989,ACC12795332,18007.4,17534.98,4255.01,4727.43,1,0,entertainment,Liverpool,online_banking
TXN-b4dcf01e-dce1-4909-8046-b1523ec62779,2025-03-02 16:06:01,DEBIT,811.4,ACC94743076,ACC50643870,19422.36,18610.96,9484.17,10295.57,0,0,restaurants,Cardiff,card_terminal
TXN-ef67c742-21ba-46f3-ac90-ee14e0446a00,2025-03-02 17:00:35,DEBIT,76.29,ACC82555977,ACC46562845,13304.63,13228.34,25811.06,25887.35,0,0,healthcare,Nottingham,online_banking
TXN-fee0fc1e-3e7a-4816-bca2-5f69064185dc,2025-03-02 19:07:32,CASH_IN,715.05,ACC55018873,ACC18873909,11784.88,12499.93,2582.34,2582.34,0,0,financial_services,Manchester,branch
TXN-e8b1c206-defd-41d7-a991-357e923e0bde,2025-03-02 23:39:00,PAYMENT,203.29,ACC60191981,ACC34692904,15618.54,15415.25,4022.6,4225.89,0,0,financial_services,Nottingham,atm
TXN-46f6e9ed-763f-4297-95ae-2b98489f2c8a,2025-03-03 02:48:02,CASH_OUT,4956.58,ACC58469365,ACC43782566,1359.02,0.0,13040.29,17996.87,0,0,utilities,Edinburgh,atm
TXN-46e10838-e536-4e78-b0c4-cc1498878aaf,2025-03-03 02:54:54,CASH_OUT,9783.42,ACC29070658,ACC80653292,11406.18,1622.76,21146.48,30929.9,0,0,restaurants,Nottingham,mobile_app
TXN-9dcc2ba5-7210-4b0b-a1b3-52a0d8e55361,2025-03-03 11:06:59,DEBIT,1836.04,ACC42026965,ACC32848229,1975.43,139.39,15097.2,16933.24,0,0,retail,Glasgow,atm
TXN-f6d346a1-8025-43db-a0e6-b83ab515466a,2025-03-03 16:54:35,TRANSFER,3009.47,ACC37383505,ACC55659873,1552.16,0.0,1797.39,4806.86,0,0,entertainment,Bristol,branch
TXN-ac78c33f-c0ff-4359-b2a1-c721f8cfc376,2025-03-03 19:41:06,CASH_OUT,9872.84,ACC42333267,ACC42662689,9389.38,0.0,26892.26,36765.1,0,0,utilities,Birmingham,card_terminal
TXN-91c77904-ef3f-4038-8a08-7fff15619140,2025-03-04 04:09:44,TRANSFER,6642.99,ACC89478790,ACC90003898,1650.1,0.0,27925.9,34568.89,0,0,travel,Bristol,online_banking
TXN-7f3f0e57-8728-4a47-974b-6f3afb1fd3d7,2025-03-04 04:58:15,TRANSFER,8427.75,ACC36189702,ACC61532114,12426.26,3998.51,25965.67,34393.42,0,0,healthcare,Newcastle,atm
TXN-9686559f-c85d-4f61-9fd3-505df5f59532,2025-03-04 06:59:26,CASH_OUT,3657.85,ACC40406092,ACC28463709,3687.23,29.38,6425.78,10083.63,0,0,entertainment,Manchester,mobile_app
TXN-2913847e-48ac-4891-be16-b8b9e01cc61e,2025-03-04 09:23:13,PAYMENT,847.65,ACC55677542,ACC57679636,2367.99,1520.34,6800.71,7648.36,0,0,groceries,Newcastle,mobile_app
TXN-94598fe2-c6ef-49ea-b22d-d41eb92e1f20,2025-03-04 12:31:33,DEBIT,2473.56,ACC85920407,ACC77430081,15660.12,13186.56,10773.36,13246.92,0,0,retail,Sheffield,mobile_app
TXN-5dcbe30f-361a-4b1d-9885-56a00a28dd8a,2025-03-04 14:09:16,CASH_IN,716.92,ACC18454727,ACC82551667,3942.55,4659.47,21592.17,21592.17,0,0,restaurants,Nottingham,online_banking
TXN-bf37a94d-0322-45b0-b71b-204f92110685,2025-03-04 15:44:30,CASH_IN,1438.98,ACC51621092,ACC91002225,15075.92,16514.9,19621.93,19621.93,0,0,entertainment,Bristol,branch
TXN-61aede7b-57cd-4dc5-bca3-baa8476c98aa,2025-03-04 16:08:58,CASH_IN,322.91,ACC19863756,ACC20843514,9631.74,9954.65,12048.52,12048.52,0,0,retail,Cardiff,mobile_app
TXN-a8dbcaaf-aab1-4827-907e-f869b3ade0ca,2025-03-04 18:41:26,CASH_IN,2987.28,ACC89327948,ACC92073508,11130.66,14117.94,8723.24,8723.24,0,0,travel,Leeds,card_terminal
TXN-ba30a8ea-3ac4-4c48-9dae-a091088874e4,2025-03-04 19:11:06,TRANSFER,1182.48,ACC99541016,ACC51395350,8655.28,7472.8,8497.39,9679.87,0,0,groceries,Leeds,card_terminal
TXN-4f0eb355-1266-4a2a-b7d4-abf0871b951c,2025-03-04 19:25:22,TRANSFER,9700.74,ACC60292051,ACC25161415,8845.56,0.0,7629.18,17329.92,0,0,retail,Newcastle,online_banking
TXN-522143d1-27fd-4700-9c9f-62ea76793290,2025-03-04 23:38:09,CASH_OUT,9759.81,ACC52585056,ACC33381086,14673.81,4914.0,13106.05,22865.86,0,0,healthcare,Edinburgh,online_banking
TXN-f70eb473-b9a4-4c95-9fc8-7d4f85573ccb,2025-03-04 23:57:15,CASH_OUT,1386.06,ACC68617594,ACC28223512,1527.75,141.69,471.23,1857.29,0,0,transport,Birmingham,online_banking
TXN-fd99cf83-ff86-4b6a-a68c-ed49e963013b,2025-03-05 13:31:19,PAYMENT,41.74,ACC72234675,ACC14259684,4422.04,4380.3,12607.29,12649.03,0,0,retail,Manchester,online_banking
TXN-82d27cf6-62b9-4ded-bdef-f45fd1247856,2025-03-05 15:26:07,DEBIT,596.66,ACC38257191,ACC66249702,9479.77,8883.11,18392.52,18989.18,0,0,retail,Bristol,atm
TXN-639805d3-57c3-4ff4-a9b9-45dc989e96a4,2025-03-05 15:56:17,PAYMENT,1723.25,ACC20796722,ACC90267122,14024.7,12301.45,28280.29,30003.54,0,0,groceries,Sheffield,branch
TXN-279512bc-ed82-441c-8d01-c4ed5101fe59,2025-03-05 17:14:56,CASH_IN,1622.68,ACC46015375,ACC88005556,7540.19,9162.87,20835.29,20835.29,0,0,financial_services,Glasgow,online_banking
TXN-cc70eba3-a8bc-4bc1-9e83-39fc954eccc7,2025-03-05 18:06:51,CASH_IN,3721.67,ACC59304469,ACC79696025,17903.29,21624.96,11599.34,11599.34,0,0,restaurants,Manchester,branch
TXN-0d0a7088-4c0a-4327-a218-8df2e29d1378,2025-03-05 19:23:11,PAYMENT,156.68,ACC78919151,ACC20064387,19452.23,19295.55,5705.73,5862.41,0,0,entertainment,Nottingham,card_terminal
TXN-1afd5590-a9dd-4756-afc2-94c9c0ff5bde,2025-03-05 21:39:44,CASH_IN,870.03,ACC92628262,ACC39604743,11861.75,12731.78,24534.01,24534.01,0,0,transport,Leeds,card_terminal
TXN-18f649dc-4614-49a3-81d8-5736212b95c7,2025-03-05 22:50:03,DEBIT,1629.57,ACC83226170,ACC48879071,15362.48,13732.91,12497.6,14127.17,0,0,restaurants,Nottingham,atm
TXN-24bfef3c-1961-4410-bf69-cfee00832814,2025-03-05 23:59:16,PAYMENT,351.68,ACC57601987,ACC55610169,17487.63,17135.95,9167.16,9518.84,0,0,utilities,Sheffield,atm
TXN-2841ff08-ad7e-471e-a4ea-72fea627e045,2025-03-06 02:47:54,PAYMENT,2023.19,ACC47292234,ACC43829709,12523.91,10500.72,8604.47,10627.66,0,0,entertainment,Cardiff,atm
TXN-634d7661-d8bf-4eef-a5aa-ea635d42dce8,2025-03-06 06:30:16,CASH_OUT,1623.67,ACC78139880,ACC24282218,164.58,0.0,21662.76,23286.43,0,0,restaurants,Glasgow,branch
TXN-0a124af9-bd92-436f-be5e-8afa15a8f57b,2025-03-06 08:06:30,TRANSFER,7526.73,ACC83886264,ACC96344588,6480.61,0.0,9926.85,17453.58,0,0,financial_services,Sheffield,mobile_app
TXN-a041da7e-8502-4980-bf7b-b65c93e34ced,2025-03-06 12:03:41,TRANSFER,9281.72,ACC96871612,ACC49668971,3205.46,0.0,29104.5,38386.22,0,0,travel,Liverpool,branch
TXN-d2c8f53b-dc5e-4ab0-8903-3572f5c02c82,2025-03-06 13:48:01,CASH_IN,4100.7,ACC34901990,ACC12512536,10877.96,14978.66,13622.37,13622.37,0,0,retail,Cardiff,atm
TXN-2727c5d1-7444-438c-80f2-ec2e4ef69074,2025-03-06 16:36:10,CASH_IN,4215.87,ACC60090149,ACC18113477,4705.52,8921.39,21215.09,21215.09,1,0,travel,Glasgow,online_banking
TXN-b18c23e7-31a4-42d0-a88f-8b055ffb98a9,2025-03-06 20:10:33,PAYMENT,2436.76,ACC12729224,ACC62405812,1446.82,0.0,15781.78,18218.54,0,0,travel,London,card_terminal
TXN-c2be3437-adfe-4dc4-8d1c-8b1f9c983b4c,2025-03-07 10:07:47,CASH_IN,2270.92,ACC59535894,ACC71028216,12709.19,14980.11,26403.75,26403.75,0,0,travel,Bristol,branch
TXN-d0a360f5-e8ca-4db5-a7a8-0d732d0e80af,2025-03-07 13:37:31,CASH_IN,3392.44,ACC85357498,ACC96884788,16503.79,19896.23,11914.58,11914.58,0,0,restaurants,Liverpool,atm
TXN-1e1840bb-4382-48d2-a8ad-a4ef2fd65a83,2025-03-07 14:08:36,TRANSFER,1222.72,ACC66135102,ACC90050918,6177.06,4954.34,5491.34,6714.06,0,0,entertainment,Cardiff,atm
TXN-b8e619a3-c950-4b4d-a027-f000ff35aaa3,2025-03-07 16:13:20,DEBIT,66.64,ACC75337822,ACC15885670,10385.67,10319.03,23114.83,23181.47,0,0,restaurants,Glasgow,atm
TXN-ae739c65-87f2-468a-afbb-062365d4d99a,2025-03-08 05:34:53,PAYMENT,2131.53,ACC25803092,ACC59857504,2295.69,164.16,11087.58,13219.11,0,0,restaurants,Bristol,card_terminal
TXN-4005ef8b-beae-4cbb-867f-6c8341b15105,2025-03-08 06:10:27,CASH_IN,3629.72,ACC61100987,ACC32750139,11234.78,14864.5,29781.91,29781.91,0,0,entertainment,Liverpool,mobile_app
TXN-0b49c8af-666e-4b12-9bd7-f1704c31cd14,2025-03-08 08:37:10,TRANSFER,4762.09,ACC19785926,ACC90525899,19180.17,14418.08,24975.53,29737.62,0,0,travel,Manchester,mobile_app
TXN-7f954922-8537-421a-9497-e94ebc41b7d5,2025-03-08 10:46:01,TRANSFER,625.21,ACC66278204,ACC63955904,12668.99,12043.78,21401.09,22026.3,0,0,healthcare,Liverpool,card_terminal
TXN-7dda834d-85ae-4a02-b1e2-392bcc54a835,2025-03-08 12:29:53,CASH_IN,2098.13,ACC92190565,ACC26503581,19879.48,21977.61,9279.7,9279.7,0,0,financial_services,Nottingham,card_terminal
TXN-e36dc4d4-1ef5-438f-9f86-6957e89bfee3,2025-03-08 19:30:08,CASH_IN,3391.03,ACC11305024,ACC45346197,4675.61,8066.64,9471.92,9471.92,0,0,utilities,Liverpool,online_banking
TXN-f6d22089-89da-4367-93ed-c72bd6033f91,2025-03-08 23:38:09,CASH_IN,3148.92,ACC27460780,ACC89727494,6343.06,9491.98,2466.96,2466.96,0,0,financial_services,Bristol,online_banking
TXN-ef8a32b1-4463-4959-a147-b6eb309ad8b0,2025-03-09 01:13:53,DEBIT,464.2,ACC19976458,ACC99686372,17798.35,17334.15,29709.71,30173.91,0,0,groceries,London,branch
TXN-a43eabf7-904e-4fb6-a8e4-51907bef31b9,2025-03-09 01:28:48,DEBIT,2055.96,ACC19447334,ACC50789378,15905.57,13849.61,1749.0,3804.96,0,0,transport,Leeds,branch
TXN-ba75b102-f6db-446d-98a4-c5b7e0a98327,2025-03-09 07:54:02,DEBIT,1264.75,ACC35709072,ACC47830178,1459.91,195.16,24587.6,25852.35,0,0,entertainment,Newcastle,online_banking
TXN-07f9eb26-da1e-48d1-a918-5ba8f7e2c93c,2025-03-09 09:11:24,CASH_IN,552.94,ACC57572279,ACC45879718,2016.65,2569.59,4466.92,4466.92,0,0,financial_services,Manchester,online_banking
TXN-cc6b7dd5-9743-4715-8d1d-8f8d703950e2,2025-03-09 13:10:19,TRANSFER,6819.4,ACC20482769,ACC85721444,11956.71,5137.31,23621.12,30440.52,0,0,transport,London,online_banking
TXN-d5638d56-84a1-468f-985d-235a6ded35e0,2025-03-09 15:45:44,DEBIT,2326.17,ACC29031501,ACC44951103,17570.15,15243.98,3957.59,6283.76,0,0,transport,Bristol,branch
TXN-9d15cc1b-2f97-4679-9e4d-467f28e5fe46,2025-03-09 16:05:20,CASH_IN,933.19,ACC52045107,ACC77620927,15669.87,16603.06,25015.57,25015.57,0,0,retail,Nottingham,card_terminal
TXN-82485a94-cb0c-4b2f-80b0-8f026a3a4bdd,2025-03-09 17:58:58,DEBIT,2321.49,ACC28012011,ACC77674279,6767.34,4445.85,13630.47,15951.96,0,0,travel,Liverpool,mobile_app
TXN-c431afc4-c83a-4b4a-ab32-c8bee8a6ba57,2025-03-09 18:06:54,TRANSFER,7223.99,ACC84016756,ACC30687181,13199.96,5975.97,16168.7,23392.69,0,0,restaurants,Bristol,atm
TXN-4537a211-7f96-4cd0-8eab-f644463a547d,2025-03-09 20:42:17,DEBIT,168.71,ACC13885356,ACC33318633,14220.43,14051.72,12101.55,12270.26,0,0,utilities,Leeds,online_banking
TXN-12dd7601-90d9-4dda-8bad-0efae771f15a,2025-03-10 03:24:05,CASH_OUT,6368.82,ACC77454225,ACC96031876,11061.74,4692.92,3755.11,10123.93,0,0,entertainment,Cardiff,online_banking
TXN-aac7f7e4-6d1a-4806-8352-2b104b91b473,2025-03-10 04:18:37,CASH_IN,3288.03,ACC34714210,ACC52627226,11340.4,14628.43,4741.44,4741.44,0,0,entertainment,Edinburgh,online_banking
TXN-ae6cb686-9cf8-4986-b2a9-318789029719,2025-03-10 09:48:41,CASH_OUT,4733.45,ACC24588794,ACC68864146,7548.76,2815.31,10934.87,15668.32,0,0,travel,Birmingham,online_banking
TXN-7db4faa7-e589-4cf1-8983-6e33410a90ad,2025-03-10 10:58:46,PAYMENT,2445.17,ACC26306114,ACC13345404,3044.09,598.92,13452.87,15898.04,0,0,financial_services,Nottingham,atm
TXN-dc5a3fd3-e947-4a7a-978d-6185296de5b3,2025-03-10 15:35:48,CASH_OUT,8065.0,ACC98787891,ACC59737181,15944.92,7879.92,16977.98,25042.98,1,1,transport,Newcastle,card_terminal
TXN-54f8770a-ae0a-4465-934d-72434f956f17,2025-03-10 17:17:16,CASH_IN,1153.01,ACC86868410,ACC41627336,1313.58,2466.59,11613.18,11613.18,0,0,travel,Liverpool,card_terminal
TXN-ff774845-22ba-4c0a-a763-ccb69be183bc,2025-03-10 19:07:23,DEBIT,1801.9,ACC96086421,ACC15168989,7943.6,6141.7,28174.17,29976.07,0,0,healthcare,Manchester,branch
TXN-be6fbc40-6fe5-462c-9bd9-edf74ae8e4f9,2025-03-10 19:24:48,TRANSFER,5163.25,ACC10983894,ACC94145533,18969.42,13806.17,5021.84,10185.09,0,0,transport,Leeds,atm
TXN-33e2a123-c4cf-4abb-9916-0ee56c747be2,2025-03-10 20:55:52,DEBIT,853.21,ACC43573422,ACC69427400,2428.48,1575.27,15398.6,16251.81,0,0,financial_services,Cardiff,atm
TXN-18bee7a7-d4eb-4b12-ace9-9bcca56e7a86,2025-03-10 22:25:46,CASH_OUT,7682.74,ACC30492422,ACC47241089,8529.15,846.41,12068.32,19751.06,0,0,transport,Liverpool,card_terminal
TXN-2e0af9a0-5b29-42ac-a059-46c8420094b9,2025-03-11 00:32:14,PAYMENT,2021.02,ACC22517517,ACC41726318,17133.74,15112.72,2937.26,4958.28,0,0,entertainment,Sheffield,branch
TXN-a8481e1a-8e81-4277-afc4-2d1a000d153b,2025-03-11 01:20:18,CASH_IN,2016.01,ACC58255231,ACC82062301,10181.59,12197.6,27611.77,27611.77,0,0,transport,Manchester,card_terminal
TXN-a5c1ca2d-b1c3-4842-9807-0afe6614b57d,2025-03-11 02:13:09,DEBIT,391.22,ACC52091325,ACC17672593,6004.49,5613.27,29061.28,29452.5,0,0,groceries,Cardiff,branch
TXN-845cf5bc-55b9-40be-b6d0-8ea6de13a978,2025-03-11 07:21:57,CASH_OUT,3326.38,ACC28536762,ACC51473062,10890.45,7564.07,6202.72,9529.1,0,0,healthcare,Birmingham,card_terminal
TXN-0fc5d055-0cae-4293-b104-80d3ac50c27d,2025-03-11 14:52:42,CASH_OUT,7670.3,ACC44601998,ACC35369971,18210.7,10540.4,2514.53,10184.83,0,0,groceries,Edinburgh,branch
TXN-fbfc988c-38c1-4563-ad9d-097bf2f1008a,2025-03-12 03:03:38,CASH_OUT,4788.59,ACC57570364,ACC67911411,10664.62,5876.03,10558.7,15347.29,0,0,utilities,Birmingham,mobile_app
TXN-39279eb2-9130-4159-bb52-22dffde6410a,2025-03-12 05:45:01,PAYMENT,829.08,ACC64614193,ACC97629787,9500.84,8671.76,20435.76,21264.84,0,0,travel,Nottingham,branch
TXN-f9e22a13-e250-478d-b40c-93fe6be72ffa,2025-03-12 06:00:43,CASH_IN,4890.36,ACC45575298,ACC80823176,10700.85,15591.21,3772.82,3772.82,0,0,financial_services,Leeds,mobile_app
TXN-5b1d96b5-0f3b-4154-a19a-283d4d7e36c5,2025-03-12 07:32:32,CASH_OUT,9888.77,ACC88703005,ACC38984499,15760.86,5872.09,6156.17,16044.94,0,0,utilities,Bristol,online_banking
TXN-75d95c4e-f61f-4ac9-8ae3-f5986b58f89e,2025-03-12 13:52:28,DEBIT,1670.94,ACC25368078,ACC36247650,17048.93,15377.99,6356.13,8027.07,0,0,travel,Manchester,mobile_app
TXN-e4ff39db-4b3c-4f5d-ab79-aceeadb45465,2025-03-12 14:32:02,CASH_OUT,1522.72,ACC45239935,ACC21419108,6789.75,5267.03,14275.64,15798.36,0,0,financial_services,Newcastle,branch
TXN-85ea6577-9ee2-430f-b39d-37bbb8dc146f,2025-03-12 16:14:06,CASH_OUT,6145.89,ACC31361812,ACC73709724,14413.55,8267.66,15143.34,21289.23,0,0,travel,Liverpool,branch
TXN-54630411-c240-4eb8-927e-ad3bae11c8ec,2025-03-12 18:57:58,CASH_IN,4682.35,ACC26393556,ACC43999060,3256.37,7938.72,21847.11,21847.11,0,0,travel,Glasgow,atm
TXN-c88ee630-34b1-4d8e-a021-a2893ee25198,2025-03-12 19:39:55,CASH_IN,286.71,ACC45603234,ACC98663948,6688.78,6975.49,29231.95,29231.95,0,0,restaurants,Liverpool,online_banking
TXN-6349a134-9729-4311-b85a-cb2f366d4a88,2025-03-12 23:17:39,PAYMENT,1167.25,ACC88891300,ACC34422678,10395.46,9228.21,3850.04,5017.29,0,0,entertainment,Sheffield,branch
TXN-58dc8dc9-5d0b-4b48-b6f6-18b71b4b8236,2025-03-13 01:29:50,DEBIT,759.76,ACC87911634,ACC34074932,7954.47,7194.71,11127.04,11886.8,0,0,restaurants,Birmingham,branch
TXN-e050d043-cadc-4fe0-9e1a-3d4bfdf7a13e,2025-03-13 02:11:01,PAYMENT,237.61,ACC88714010,ACC85374852,2021.63,1784.02,22163.88,22401.49,0,0,healthcare,Bristol,mobile_app
TXN-6913f788-c92c-415a-b044-6e31087052ac,2025-03-13 07:27:12,CASH_IN,223.55,ACC28576512,ACC54953500,7392.02,7615.57,19445.18,19445.18,0,0,utilities,Newcastle,card_terminal
TXN-01a3a11f-fc98-40cd-b694-c97409b3226b,2025-03-13 10:43:48,CASH_IN,3627.51,ACC82844534,ACC75779034,5088.86,8716.37,1184.66,1184.66,0,0,utilities,Cardiff,atm
TXN-6f3500dd-3081-4219-8b0f-afb6c71cc414,2025-03-13 16:52:25,DEBIT,110.37,ACC40134594,ACC13602405,16542.34,16431.97,25037.56,25147.93,0,0,groceries,Birmingham,branch
TXN-dd35fa2d-8733-4d54-ac6d-9076288f966b,2025-03-13 18:42:58,CASH_IN,1377.82,ACC23740579,ACC37726346,3234.17,4611.99,3433.81,3433.81,0,0,healthcare,Bristol,mobile_app
TXN-78b05ad2-532d-4ca9-a1dc-430101c98115,2025-03-13 18:53:39,TRANSFER,2187.1,ACC62986806,ACC45392370,1653.65,0.0,20304.67,22491.77,0,0,travel,Glasgow,branch
TXN-81fa9f7a-fcb1-4fe0-b1ec-1fc5533749f9,2025-03-13 22:33:52,CASH_IN,1829.45,ACC90524080,ACC73502927,1180.08,3009.53,6687.54,6687.54,0,0,retail,Edinburgh,atm
TXN-07883b66-58d5-4754-8ca2-a32d1209e509,2025-03-14 01:10:21,CASH_IN,3818.95,ACC28674348,ACC30628088,13841.32,17660.27,8989.12,8989.12,0,0,retail,Cardiff,branch
TXN-05c9f310-e3c4-4bb4-b38f-699a167a65e9,2025-03-14 04:42:30,DEBIT,815.66,ACC38369179,ACC16534020,14657.75,13842.09,22029.59,22845.25,0,0,restaurants,Bristol,branch
TXN-bd57ae61-d00c-42af-abd6-0c4bb539ab83,2025-03-14 04:59:07,PAYMENT,1598.82,ACC36743897,ACC34965358,5539.24,3940.42,5246.79,6845.61,0,0,financial_services,Liverpool,branch
TXN-384cbb13-d3c6-4c04-809a-17b3bd54390f,2025-03-14 12:21:11,DEBIT,1285.05,ACC71670595,ACC28795756,3572.49,2287.44,4542.08,5827.13,0,0,restaurants,Glasgow,branch
TXN-877bacf5-5189-4f9b-8834-bb01a27997f2,2025-03-14 15:50:13,TRANSFER,1811.51,ACC80257585,ACC95870691,11991.93,10180.42,18931.43,20742.94,0,0,healthcare,Liverpool,card_terminal
TXN-0bee9b4d-ad54-4fad-b44a-f3202419add9,2025-03-14 17:18:44,PAYMENT,2298.28,ACC46385762,ACC16249441,4672.35,2374.07,27038.19,29336.47,0,0,transport,Glasgow,card_terminal
TXN-4e275d5f-a11b-44fb-b705-972f765bdfb9,2025-03-14 17:51:33,CASH_IN,2489.89,ACC34213769,ACC96914605,9241.86,11731.75,24467.94,24467.94,0,0,restaurants,London,mobile_app
TXN-ab185b0d-e6d4-49d4-bb68-258efb2a8819,2025-03-14 18:44:30,CASH_OUT,246.13,ACC66528833,ACC45784981,6589.73,6343.6,13827.28,14073.41,0,0,groceries,Edinburgh,online_banking
TXN-8b3e2e16-1016-4812-9c3a-e0048ee1a7ca,2025-03-14 21:24:21,PAYMENT,1471.0,ACC88205594,ACC23449152,15655.54,14184.54,3375.57,4846.57,0,0,transport,Cardiff,card_terminal
TXN-e47db3be-34d9-4375-95a4-7d01c3e15ac3,2025-03-14 21:51:27,PAYMENT,1284.07,ACC66783572,ACC22109438,9843.5,8559.43,26562.39,27846.46,0,0,financial_services,Bristol,atm
TXN-ae16e8ec-da49-404f-8057-3eab821df4c7,2025-03-14 22:25:39,DEBIT,1918.75,ACC13908068,ACC33572537,2365.35,446.6,9998.49,11917.24,0,0,utilities,Bristol,atm
TXN-9d77610e-b6dd-481a-ac49-971872375503,2025-03-14 22:36:39,CASH_IN,4544.35,ACC18083974,ACC91823275,6017.33,10561.68,17655.75,17655.75,0,0,transport,Leeds,branch
TXN-4ee4bb7a-5051-43af-94ac-fb75b6029f85,2025-03-15 04:33:34,PAYMENT,456.84,ACC23346779,ACC53651494,9735.41,9278.57,19337.9,19794.74,0,0,transport,Edinburgh,card_terminal
TXN-cd5fe48b-1230-436b-9fb0-54dba81fffbf,2025-03-15 07:08:23,CASH_IN,3814.92,ACC85318641,ACC92677695,9670.36,13485.28,5943.26,5943.26,0,0,healthcare,Leeds,online_banking
TXN-71d39c5e-b565-4f56-b4da-9a44cfdfed32,2025-03-15 08:27:17,TRANSFER,3245.62,ACC81826922,ACC15006085,12953.37,9707.75,27238.11,30483.73,0,0,entertainment,Sheffield,atm
TXN-36ea1a44-cd09-4b76-9f82-9c4e1d0c7f57,2025-03-15 11:16:33,CASH_IN,629.19,ACC85935555,ACC70716667,7038.11,7667.3,26112.8,26112.8,0,0,retail,Sheffield,mobile_app
TXN-cb4acfb9-0127-43b6-a2b6-29b29dba6f78,2025-03-15 12:04:12,PAYMENT,1339.91,ACC66507825,ACC57367387,314.59,0.0,13621.04,14960.95,0,0,restaurants,Liverpool,atm
TXN-6792d9bd-d54b-450d-9f24-6dfe6002ed20,2025-03-15 13:13:42,CASH_IN,2284.94,ACC57428314,ACC21976146,3477.38,5762.32,8868.25,8868.25,0,0,transport,Birmingham,mobile_app
TXN-1704d7ad-61cf-4030-b4a1-ec77c57a1f8a,2025-03-15 14:33:22,CASH_OUT,8901.77,ACC86378602,ACC39183937,5072.15,0.0,7687.32,16589.09,0,0,transport,Edinburgh,atm
TXN-c05e4641-b60b-4279-8864-419a7a399ac8,2025-03-15 19:46:37,CASH_IN,2811.23,ACC60961690,ACC62953249,18696.26,21507.49,21649.93,21649.93,0,0,retail,Birmingham,atm
TXN-4cb19590-9586-490c-84bb-0e28c68b050a,2025-03-15 21:22:35,CASH_OUT,2541.16,ACC12784407,ACC46173157,1917.41,0.0,28857.33,31398.49,0,0,groceries,Birmingham,card_terminal
TXN-4231ee28-e619-46ba-98e0-e96e496643a0,2025-03-15 21:34:00,TRANSFER,1654.4,ACC31626387,ACC28082355,16683.96,15029.56,673.38,2327.78,0,0,healthcare,London,card_terminal
TXN-93cc863c-e0f0-4945-8f23-5bbd18952539,2025-03-15 21:46:10,TRANSFER,9935.16,ACC53038943,ACC41796721,4759.81,0.0,27491.91,37427.07,0,0,restaurants,Birmingham,card_terminal
TXN-d6b7d6e0-cf3b-4474-b463-e47dac1d3dbd,2025-03-16 00:02:11,PAYMENT,1699.61,ACC75539501,ACC43220287,17076.48,15376.87,17820.15,19519.76,0,0,travel,Manchester,online_banking
TXN-07eda0fb-bdab-4dcc-8870-681f6f7bc715,2025-03-16 02:07:49,CASH_IN,1878.55,ACC29614192,ACC52906872,14685.85,16564.4,526.35,526.35,0,0,travel,Edinburgh,mobile_app
TXN-cb4c6594-b1c9-4ec1-8aea-7aade3ca30a1,2025-03-16 05:32:54,PAYMENT,797.88,ACC85907105,ACC86082915,9067.85,8269.97,18490.27,19288.15,0,0,retail,Bristol,online_banking
TXN-584e119e-5ce1-4e68-a973-8ce243a4c261,2025-03-16 11:01:23,CASH_IN,757.87,ACC14574615,ACC96585062,5740.1,6497.97,3603.79,3603.79,0,0,travel,London,branch
TXN-9d928704-75a6-4f57-a0ed-5a9cf9fa9abc,2025-03-17 00:59:44,CASH_IN,3792.22,ACC74688940,ACC25605267,19228.65,23020.87,13765.45,13765.45,0,0,restaurants,Manchester,online_banking
TXN-e0afdefb-3099-4a3c-ba16-0488e8c8e0df,2025-03-17 01:01:37,TRANSFER,2403.68,ACC57201978,ACC86188876,6428.29,4024.61,22143.15,24546.83,0,0,entertainment,Cardiff,online_banking
TXN-77ba9247-2817-4657-b53d-f3d4397dd1ea,2025-03-17 02:35:36,CASH_IN,4853.05,ACC64866540,ACC15211257,7525.58,12378.63,14686.53,14686.53,0,0,transport,Sheffield,branch
TXN-35d66f26-7747-41ca-b14a-794388fe93d3,2025-03-17 03:41:45,CASH_IN,2049.32,ACC43059986,ACC84451573,4751.44,6800.76,26584.68,26584.68,0,0,entertainment,Liverpool,mobile_app
TXN-cc66103a-e98b-4279-b490-ce802be96d9f,2025-03-17 05:30:09,CASH_OUT,8585.69,ACC98470372,ACC69948773,382.64,0.0,3346.48,11932.17,0,0,retail,Birmingham,atm
TXN-e4dbedf5-c6f0-4af8-8677-efec39115af2,2025-03-17 07:02:57,DEBIT,1471.59,ACC86935230,ACC26908967,2249.33,777.74,368.66,1840.25,0,0,healthcare,Liverpool,atm
TXN-9894e2d2-57b6-49eb-9793-0bad67a1739f,2025-03-17 09:25:07,DEBIT,1893.83,ACC42392076,ACC50794416,3284.54,1390.71,836.74,2730.57,0,0,financial_services,Newcastle,atm
TXN-e450c7e2-abcc-49b4-ae50-c93e6cf019b3,2025-03-17 15:03:10,PAYMENT,1392.59,ACC42021033,ACC93332410,1511.39,118.8,9063.54,10456.13,0,0,utilities,Newcastle,atm
TXN-22e833ff-bb38-4e28-95c0-ea67885b67ef,2025-03-17 20:04:24,PAYMENT,934.3,ACC56943979,ACC56204319,11921.47,10987.17,5327.51,6261.81,0,0,entertainment,Liverpool,online_banking
TXN-acecb903-d80b-49d0-ad48-c8413cd12493,2025-03-17 23:05:38,PAYMENT,2302.71,ACC97219985,ACC96322745,19488.84,17186.13,4661.31,6964.02,0,0,transport,Liverpool,card_terminal
TXN-9bb660d8-eef7-4862-9308-5db8e825d3c8,2025-03-18 00:23:58,DEBIT,74.98,ACC51489399,ACC35198547,5715.92,5640.94,16247.04,16322.02,0,0,healthcare,Leeds,atm
TXN-7d76754d-e88b-4fb3-b706-2dff14ff50d1,2025-03-18 06:33:13,CASH_OUT,4531.67,ACC77093782,ACC92147935,4861.15,329.48,5236.47,9768.14,0,0,transport,Glasgow,card_terminal
TXN-9eed2ed0-be99-4f05-b0de-a4aa1cbd9e26,2025-03-18 09:28:19,CASH_IN,1323.68,ACC30032157,ACC21953600,17051.43,18375.11,1493.49,1493.49,0,0,retail,Birmingham,online_banking
TXN-017a97e9-d348-4127-85f7-756a7ad47c7b,2025-03-18 11:18:48,CASH_IN,2007.59,ACC33260196,ACC85686398,18092.84,20100.43,26791.01,26791.01,0,0,financial_services,Glasgow,branch
TXN-ea37a430-f102-41da-8733-d0ebea424d17,2025-03-18 11:39:21,DEBIT,368.95,ACC51458705,ACC77428032,13340.48,12971.53,24038.75,24407.7,0,0,transport,Liverpool,atm
TXN-84ba05c6-82e0-4a14-9149-96376d3476f6,2025-03-18 14:20:53,CASH_OUT,5557.57,ACC82095327,ACC83487621,11145.89,5588.32,3697.05,9254.62,1,0,transport,Liverpool,mobile_app
TXN-d57e4132-8106-4c08-acd4-2496eff72b93,2025-03-18 18:11:20,CASH_OUT,3721.35,ACC23665188,ACC81965066,1439.89,0.0,6556.83,10278.18,0,0,entertainment,Liverpool,card_terminal
TXN-13a33ec3-e643-408c-a864-d40cb848d29c,2025-03-18 20:31:12,DEBIT,144.5,ACC95580271,ACC12499138,5239.37,5094.87,5401.13,5545.63,0,0,restaurants,Manchester,online_banking
TXN-26c0c530-5a62-4857-808f-5df0e27f2af7,2025-03-18 20:56:39,TRANSFER,552.67,ACC77743626,ACC22090729,14658.41,14105.74,11786.48,12339.15,0,0,utilities,Sheffield,online_banking
TXN-d66f8f04-8d79-44e5-9875-602d736a643d,2025-03-19 02:00:12,CASH_IN,308.37,ACC51512209,ACC99399687,1815.63,2124.0,13034.51,13034.51,0,0,entertainment,Manchester,online_banking
TXN-5ace6cb5-dafa-4412-a5a8-b9c77b7f5b5c,2025-03-19 02:59:04,CASH_IN,1806.53,ACC47663633,ACC28790705,6178.89,7985.42,16550.15,16550.15,0,0,healthcare,Leeds,branch
TXN-f7386b1c-8fe6-45ab-871e-7b546333d079,2025-03-19 03:30:22,PAYMENT,1309.16,ACC33813202,ACC73870080,18195.85,16886.69,20531.03,21840.19,0,0,groceries,Newcastle,online_banking
TXN-89b6d0a6-4e7a-4c12-b501-2a73ba8458f9,2025-03-19 03:39:34,CASH_IN,2364.52,ACC33788294,ACC49479427,5654.92,8019.44,4841.0,4841.0,0,0,transport,Newcastle,online_banking
TXN-30f66f18-666a-40da-b2f6-90287c945aee,2025-03-19 04:22:55,CASH_OUT,5864.06,ACC15508152,ACC88726945,1835.9,0.0,3190.97,9055.03,0,0,utilities,Leeds,online_banking
TXN-32ecbd7c-ed08-4887-ad74-0176af256a1c,2025-03-19 05:02:20,CASH_OUT,5053.92,ACC43554863,ACC17003454,8431.35,3377.43,4861.75,9915.67,0,0,travel,Bristol,branch
TXN-f3bac85a-5e0a-46d3-a17a-a13eb664a812,2025-03-19 07:57:59,TRANSFER,5444.14,ACC12674689,ACC80658723,3593.58,0.0,1138.91,6583.05,1,0,travel,London,branch
TXN-d1031c7e-cf89-43f2-97b1-c9201ae216f8,2025-03-19 09:00:40,TRANSFER,8224.6,ACC20405175,ACC46255595,6395.57,0.0,23633.52,31858.12,0,0,transport,Newcastle,branch
TXN-b6998c7a-3cb0-4c3a-8dcf-66184f8e7f8b,2025-03-19 11:43:04,TRANSFER,1777.82,ACC77660514,ACC61628545,16323.36,14545.54,3106.62,4884.44,0,0,financial_services,Cardiff,card_terminal
TXN-d62fb192-92bf-41ec-b0a2-ade13b302b90,2025-03-19 12:29:04,CASH_OUT,5857.48,ACC49065941,ACC59503523,10868.76,5011.28,4368.74,10226.22,0,0,groceries,Newcastle,atm
TXN-6273b147-6fd5-4bf0-b15a-cac08cb4ca2d,2025-03-19 13:36:11,DEBIT,551.73,ACC65813853,ACC83717007,2758.02,2206.29,4595.57,5147.3,0,0,travel,Newcastle,online_banking
TXN-8b4ade9e-6bca-4fa5-8576-3fa1d47b0c89,2025-03-19 14:11:01,CASH_OUT,3424.57,ACC35149571,ACC89885300,7567.29,4142.72,16028.2,19452.77,0,0,transport,Liverpool,mobile_app
TXN-18f598e9-0efa-4d9b-9ca7-4b030434aef6,2025-03-19 19:35:44,TRANSFER,4929.91,ACC78530276,ACC38164181,6327.43,1397.52,27323.49,32253.4,0,0,transport,Glasgow,card_terminal
TXN-205f2e63-bddb-4811-bb39-d92e950d87b3,2025-03-19 20:55:24,CASH_IN,1770.18,ACC27098533,ACC78175850,9278.71,11048.89,5124.05,5124.05,0,0,transport,Sheffield,mobile_app
TXN-b2d3ba64-36ec-4fe1-9d9d-fd69662e7336,2025-03-19 21:46:51,DEBIT,135.02,ACC16108500,ACC10719539,18628.19,18493.17,14127.97,14262.99,0,0,restaurants,Newcastle,mobile_app
TXN-31ff1de8-f0ea-4e84-a9ff-53463a8fc4cf,2025-03-19 23:28:14,PAYMENT,862.35,ACC63077115,ACC46406303,6338.29,5475.94,19590.39,20452.74,0,0,travel,Bristol,online_banking
TXN-3008d87f-87e1-4ea7-95c2-db6c6b96518a,2025-03-19 23:59:32,CASH_OUT,728.69,ACC34209460,ACC87314639,16802.58,16073.89,14512.34,15241.03,0,0,healthcare,Glasgow,branch
TXN-291c4b7d-6654-474e-9ac2-394a31abc049,2025-03-20 08:24:26,TRANSFER,310.67,ACC90042177,ACC41163012,19720.52,19409.85,18508.4,18819.07,0,0,utilities,Glasgow,online_banking
TXN-56de2097-472e-453d-a26b-514c691bc3aa,2025-03-20 09:53:53,TRANSFER,838.14,ACC48208680,ACC97034430,12543.93,11705.79,15498.3,16336.44,0,0,healthcare,Liverpool,atm
TXN-8fc6cc42-d035-4138-84b5-4b2eea7083ee,2025-03-20 10:23:51,CASH_IN,606.45,ACC75927774,ACC36867482,15521.79,16128.24,21121.13,21121.13,0,0,transport,Birmingham,card_terminal
TXN-6457c280-419a-45d2-9844-85ec215901a2,2025-03-20 13:49:34,PAYMENT,2278.51,ACC58130331,ACC92055138,9705.23,7426.72,17068.3,19346.81,0,0,groceries,Glasgow,branch
TXN-1715d56c-845b-4b1e-b7e3-27cf1dec7538,2025-03-20 16:06:01,CASH_OUT,5959.08,ACC93642093,ACC29571424,581.72,0.0,9144.57,15103.65,0,0,travel,London,atm
TXN-0f19e626-8aa4-4b9b-9bd5-007ad6e6a2a9,2025-03-20 19:08:18,PAYMENT,390.61,ACC81416669,ACC83969111,4500.16,4109.55,5652.5,6043.11,0,0,transport,Sheffield,online_banking
TXN-8979c6a5-5566-46c1-915b-36ac00537ce2,2025-03-20 20:43:13,TRANSFER,4233.44,ACC50392808,ACC64502486,18813.24,14579.8,20319.54,24552.98,0,0,healthcare,London,online_banking
TXN-94547144-ed19-459a-860e-b7ddba85428f,2025-03-20 21:41:07,CASH_OUT,1021.97,ACC63244581,ACC53805532,4719.67,3697.7,2280.55,3302.52,0,0,groceries,Glasgow,mobile_app
TXN-a2f75478-8cfe-4f2e-bed2-89eb6f04f7a5,2025-03-21 02:59:05,TRANSFER,1242.87,ACC66267415,ACC98231132,17816.72,16573.85,7386.46,8629.33,0,0,healthcare,Bristol,branch
TXN-aaaf4d99-f14a-4a5d-a2be-846914959c55,2025-03-21 03:41:14,DEBIT,31.46,ACC55582551,ACC97365194,7740.01,7708.55,23854.94,23886.4,0,0,groceries,Nottingham,card_terminal
TXN-30e22eef-ea26-435f-830a-7574b4db9e18,2025-03-21 08:49:55,DEBIT,24.88,ACC72267186,ACC59428849,4093.36,4068.48,16914.2,16939.08,0,0,travel,Leeds,branch
TXN-c20fb0ff-f290-4da3-9b92-cf1cd2481f6c,2025-03-21 10:34:46,DEBIT,1781.13,ACC56344519,ACC27806897,18716.69,16935.56,18977.5,20758.63,0,0,entertainment,Newcastle,atm
TXN-5a526a19-a761-4dc2-8b3f-b9897a4ec457,2025-03-21 14:42:03,DEBIT,327.91,ACC19069088,ACC16030286,6549.12,6221.21,28655.84,28983.75,0,0,groceries,Edinburgh,atm
TXN-db655b59-3f98-4734-934a-febe0bc9099d,2025-03-21 15:47:28,TRANSFER,8104.4,ACC18774822,ACC25903904,13252.08,5147.68,28234.85,36339.25,0,0,entertainment,Birmingham,atm
TXN-1bd7249f-93a6-4439-af31-563525eefa1e,2025-03-21 16:29:05,CASH_IN,4270.34,ACC46525224,ACC93584597,3729.9,8000.24,8687.86,8687.86,0,0,travel,Leeds,online_banking
TXN-3be4b622-3946-4c32-98e5-b810de051b2c,2025-03-21 16:38:34,PAYMENT,597.91,ACC18429833,ACC24879094,2524.78,1926.87,7153.19,7751.1,0,0,travel,Cardiff,atm
TXN-756e7744-367c-407b-a5f0-8ef3a5d47621,2025-03-21 19:18:53,TRANSFER,6650.18,ACC73734252,ACC85341065,6688.22,38.04,8807.23,15457.41,0,0,groceries,Manchester,online_banking
TXN-09666cf3-2135-4d61-b291-a1594c437150,2025-03-21 21:29:31,TRANSFER,366.58,ACC44351488,ACC16588161,12870.86,12504.28,11657.96,12024.54,0,0,retail,Leeds,mobile_app
TXN-cb0ecfe2-9959-4f9c-9d75-93a51445634b,2025-03-21 22:14:50,DEBIT,188.46,ACC25946545,ACC27268907,10134.69,9946.23,22932.12,23120.58,0,0,transport,Sheffield,atm
TXN-dd395bb9-31c0-41a4-921b-eea173f81d69,2025-03-21 22:53:16,CASH_IN,415.44,ACC84832912,ACC37868647,12042.03,12457.47,7341.4,7341.4,0,0,groceries,Birmingham,branch
TXN-6b7cdf1b-d113-4425-be58-e42ff019b7af,2025-03-21 23:12:43,CASH_IN,198.44,ACC50882445,ACC78227936,11027.07,11225.51,24777.26,24777.26,0,0,healthcare,Leeds,branch
TXN-67d97f21-69b5-4ebd-ab1b-0125579e2177,2025-03-22 11:00:26,CASH_OUT,3964.33,ACC41702866,ACC77276832,3224.4,0.0,10403.4,14367.73,0,0,restaurants,London,branch
TXN-0f36fca7-59cb-4fab-9f22-620373c8c08c,2025-03-22 16:46:14,CASH_OUT,9165.82,ACC82070563,ACC54977656,15965.36,6799.54,19369.57,28535.39,0,0,travel,Sheffield,branch
TXN-d9a934b2-ee6c-40f2-817b-78201b863b92,2025-03-22 18:07:19,DEBIT,887.86,ACC76102828,ACC34146739,2681.29,1793.43,16879.03,17766.89,0,0,utilities,Edinburgh,card_terminal
TXN-d812bb2a-b558-4c09-b94b-e6cbff924d65,2025-03-22 23:05:39,DEBIT,1807.89,ACC91113368,ACC83937567,13793.5,11985.61,28369.69,30177.58,0,0,utilities,Nottingham,mobile_app
TXN-dea000c5-e246-4567-9bf2-8f427aa4a93e,2025-03-23 00:20:57,DEBIT,380.66,ACC54965270,ACC10196231,18654.71,18274.05,717.31,1097.97,0,0,financial_services,Edinburgh,online_banking
TXN-80be39f5-6359-4ec3-8bdb-1c0f910316cd,2025-03-23 02:44:32,DEBIT,420.73,ACC81918425,ACC38733345,6060.47,5639.74,29082.83,29503.56,0,0,restaurants,Liverpool,atm
TXN-6d4a85c5-f172-408d-ad15-0049f88a952c,2025-03-23 05:37:01,CASH_OUT,7145.43,ACC62294176,ACC52503832,1732.56,0.0,4626.63,11772.06,0,0,retail,Manchester,online_banking
TXN-94ffea04-1ec4-4d12-8713-5527e7e0b419,2025-03-23 06:20:18,DEBIT,2228.87,ACC58518659,ACC78284040,17042.1,14813.23,21354.27,23583.14,0,0,utilities,Manchester,atm
TXN-6d93c12a-d78d-4572-93bb-af1381bacf67,2025-03-23 06:24:42,PAYMENT,2170.71,ACC21219432,ACC29023738,19057.64,16886.93,20510.14,22680.85,0,0,transport,Liverpool,online_banking
TXN-28ed0265-6c73-4087-a3c7-b831b643bbaf,2025-03-23 08:27:44,CASH_IN,1688.82,ACC77567894,ACC88848693,12209.81,13898.63,17551.11,17551.11,0,0,groceries,Leeds,mobile_app
TXN-89c8951f-5147-4211-a43a-539e573c7c1c,2025-03-23 08:54:13,TRANSFER,5348.92,ACC16200213,ACC92681879,13917.64,8568.72,9538.55,14887.47,0,0,utilities,Newcastle,online_banking
TXN-47b9996e-2724-435d-9c06-595d270dbcdf,2025-03-23 10:37:50,CASH_IN,505.24,ACC83509785,ACC80059652,13212.31,13717.55,65.91,65.91,0,0,retail,Edinburgh,mobile_app
TXN-cca9e49e-a010-45e8-ac21-7f90c890b482,2025-03-23 11:24:38,CASH_OUT,2010.89,ACC90124068,ACC62162278,2367.7,356.81,20121.04,22131.93,0,0,financial_services,Cardiff,atm
TXN-8a139abd-9731-489e-9b7b-5ff42765576c,2025-03-23 13:02:32,DEBIT,2172.92,ACC18500100,ACC81729237,16958.63,14785.71,2794.25,4967.17,0,0,financial_services,Leeds,mobile_app
TXN-82a31a38-b231-45ea-8fb5-4c093c87a948,2025-03-23 13:06:52,CASH_IN,35.58,ACC16141035,ACC53691252,12797.66,12833.24,28258.13,28258.13,0,0,travel,Leeds,online_banking
TXN-48cff3a1-380f-436f-a322-dee16d7dc332,2025-03-23 14:21:28,CASH_IN,2303.12,ACC20043577,ACC89442904,14983.2,17286.32,17423.12,17423.12,0,0,groceries,Sheffield,atm
TXN-a5ef7874-c700-4222-9492-5c0122378a5d,2025-03-23 16:44:18,CASH_OUT,8503.28,ACC30534124,ACC68450095,16464.39,7961.11,3166.17,11669.45,0,0,entertainment,Edinburgh,mobile_app
TXN-0314e216-6420-4c3d-9c69-493c5d0170de,2025-03-23 17:54:11,CASH_IN,3264.52,ACC22246348,ACC73083727,18329.85,21594.37,5444.67,5444.67,0,0,retail,Sheffield,card_terminal
TXN-ca6dcbde-ad5c-4a78-a993-8e9fe1a8d004,2025-03-24 02:04:38,CASH_IN,2261.46,ACC42858752,ACC85269356,17560.43,19821.89,29737.44,29737.44,0,0,groceries,Birmingham,card_terminal
TXN-f2782bf7-53bc-45ad-a5c0-94f1dd6b9ca0,2025-03-24 02:50:44,CASH_OUT,3622.97,ACC47101128,ACC40566959,1740.13,0.0,25278.1,28901.07,0,0,transport,Manchester,mobile_app
TXN-3eb0dc2e-8531-4f53-86e8-04d63c309c96,2025-03-24 06:41:23,DEBIT,1845.77,ACC94578152,ACC69512807,9119.91,7274.14,820.53,2666.3,0,0,entertainment,London,card_terminal
TXN-a02e303e-ccdc-4923-81b2-5f86946b27a8,2025-03-24 10:55:21,CASH_OUT,6713.77,ACC71367643,ACC52436584,6352.26,0.0,7968.44,14682.21,0,0,transport,London,online_banking
TXN-4faf2d30-78e5-471b-94c2-6ea8aacfd375,2025-03-24 14:32:58,TRANSFER,1705.07,ACC54506155,ACC67774765,12292.29,10587.22,16896.61,18601.68,0,0,transport,London,atm
TXN-8feec49d-3378-43cc-bb2a-77b879d192d1,2025-03-24 15:11:15,PAYMENT,52.45,ACC73530347,ACC25695520,11570.43,11517.98,16597.67,16650.12,0,0,travel,Cardiff,card_terminal
TXN-a447b6f9-fafc-49f0-a7f8-f9ace95408eb,2025-03-24 20:16:12,TRANSFER,8459.29,ACC13523729,ACC91737913,19493.48,11034.19,24552.81,33012.1,0,0,restaurants,London,branch
TXN-13543504-f280-4cc0-9472-537efe771bce,2025-03-24 20:21:55,PAYMENT,1577.12,ACC21428912,ACC35827078,15454.74,13877.62,9265.44,10842.56,0,0,healthcare,Cardiff,card_terminal
TXN-acbb4a8a-08e4-45b4-a810-92ca006aece4,2025-03-24 20:57:45,TRANSFER,3302.4,ACC10623711,ACC71977968,7718.86,4416.46,17292.41,20594.81,0,0,restaurants,Birmingham,card_terminal
TXN-12778d81-ec48-45b1-8c06-0be65ae82f0e,2025-03-24 22:30:48,CASH_IN,2176.46,ACC18487605,ACC88598977,436.13,2612.59,20198.96,20198.96,0,0,groceries,Edinburgh,branch
TXN-fe366a8a-0e95-49d6-9139-a36c5237062c,2025-03-24 23:40:00,DEBIT,636.04,ACC16960906,ACC53352227,11246.31,10610.27,13617.78,14253.82,0,0,financial_services,Sheffield,card_terminal
TXN-633627a0-ee76-4102-a4e8-d520e0e34e1b,2025-03-25 01:27:56,DEBIT,2499.77,ACC14164775,ACC43189803,7064.21,4564.44,19504.32,22004.09,0,0,utilities,London,mobile_app
TXN-4443a345-3e0c-4ec4-998f-587c504d9647,2025-03-25 02:55:27,TRANSFER,4721.43,ACC54099326,ACC81621574,19387.15,14665.72,10156.84,14878.27,0,0,financial_services,Bristol,mobile_app
TXN-a61361c7-d4ab-4f2d-ad7e-a493c0118f01,2025-03-25 06:04:20,CASH_IN,1373.73,ACC25174194,ACC27785402,7775.74,9149.47,25520.15,25520.15,0,0,groceries,Birmingham,branch
TXN-efe2279b-1d07-4dfd-ba53-6f20f08eb9a2,2025-03-25 10:42:57,TRANSFER,2772.98,ACC72685550,ACC76545378,4064.83,1291.85,2759.1,5532.08,0,0,financial_services,Newcastle,atm
TXN-1dd745b4-dd08-495f-86e0-a9e3e5e6f597,2025-03-25 10:59:23,PAYMENT,2003.96,ACC77731571,ACC50253107,9557.84,7553.88,6292.17,8296.13,0,0,financial_services,Glasgow,card_terminal
TXN-980107ec-9803-4398-9b80-24308ef8d10c,2025-03-25 17:40:46,PAYMENT,2169.35,ACC86775659,ACC91733516,17614.7,15445.35,26336.81,28506.16,0,0,travel,London,atm
TXN-d381a338-18ac-4769-b49b-288c2718f8cd,2025-03-25 19:50:26,PAYMENT,550.5,ACC66306997,ACC39587039,10156.57,9606.07,796.08,1346.58,0,0,travel,Cardiff,mobile_app
TXN-b676cb4b-b4e3-432b-b07f-a44eef5d5dcd,2025-03-26 02:50:34,DEBIT,1310.78,ACC95052118,ACC82369824,12240.41,10929.63,7356.94,8667.72,0,0,restaurants,Cardiff,mobile_app
TXN-fa344ff4-d955-47c9-bb6c-9b1106a9be8f,2025-03-26 05:52:38,DEBIT,2360.94,ACC11655896,ACC25667321,3032.61,671.67,7422.44,9783.38,0,0,transport,Glasgow,branch
TXN-f480a9ae-3c97-4a16-a6b7-38709bb4b984,2025-03-26 07:43:21,CASH_IN,965.25,ACC96128115,ACC95831286,2530.98,3496.23,25441.0,25441.0,0,0,groceries,London,atm
TXN-db6b906a-f28f-4f7d-825a-d5f8ae32b656,2025-03-26 08:45:46,DEBIT,1083.72,ACC32921098,ACC78654380,12760.32,11676.6,5544.24,6627.96,0,0,healthcare,Leeds,mobile_app
TXN-dcdf4c52-f6b7-42b6-b54c-757941a8a045,2025-03-26 09:03:25,DEBIT,257.56,ACC86507818,ACC93929707,4697.26,4439.7,11559.93,11817.49,0,0,entertainment,Newcastle,mobile_app
TXN-8525cbac-cd01-4c9b-8c77-2aad7bdeb434,2025-03-26 11:38:08,DEBIT,2249.72,ACC28781020,ACC13416548,16128.05,13878.33,24070.91,26320.63,0,0,travel,Liverpool,online_banking
TXN-fbabe86e-96e5-441e-b851-4b61683079b6,2025-03-26 12:15:40,CASH_OUT,5101.51,ACC92950779,ACC27589104,10841.44,5739.93,22159.32,27260.83,0,0,financial_services,Birmingham,mobile_app
TXN-5b591329-2c36-421f-a528-78cf46e55bcc,2025-03-26 14:16:14,PAYMENT,1660.71,ACC27307598,ACC89865081,18343.25,16682.54,9306.95,10967.66,0,0,transport,Liverpool,card_terminal
TXN-c014f58c-501f-40cf-8a61-bc75e77e8e66,2025-03-26 14:24:39,DEBIT,1439.16,ACC46840133,ACC11086890,19854.57,18415.41,8856.92,10296.08,0,0,groceries,Cardiff,atm
TXN-5b24c8d3-4ac8-4f48-9cf6-37d5039edcc1,2025-03-26 15:55:43,CASH_OUT,5549.9,ACC95108432,ACC48016951,3336.88,0.0,13076.28,18626.18,0,0,transport,Manchester,online_banking
TXN-4681df38-717e-4fa4-8f94-c17f14345705,2025-03-26 17:49:38,DEBIT,2052.27,ACC29944139,ACC69934576,5728.5,3676.23,8956.68,11008.95,0,0,healthcare,Nottingham,atm
TXN-c08ee1e1-2cf7-4563-9076-c746cd01b7de,2025-03-26 19:05:33,TRANSFER,741.44,ACC19392480,ACC71023927,19263.59,18522.15,8514.53,9255.97,0,0,groceries,Bristol,online_banking
TXN-7108eb67-4184-459a-b09b-e0ca1afa3cd8,2025-03-26 19:21:51,PAYMENT,1306.78,ACC34124750,ACC12546591,15036.12,13729.34,15079.16,16385.94,0,0,restaurants,Leeds,card_terminal
TXN-06cd50ee-aaad-466f-9258-92b2ca5a9a67,2025-03-26 20:35:48,CASH_IN,4352.18,ACC90929605,ACC85851838,11425.13,15777.31,14820.34,14820.34,0,0,entertainment,Manchester,mobile_app
TXN-5c2eda63-8964-447d-8175-185e3aee62f8,2025-03-26 23:44:21,PAYMENT,1863.04,ACC30415230,ACC76481885,14134.03,12270.99,24342.27,26205.31,0,0,groceries,Birmingham,atm
TXN-0d017b29-54df-41f0-bfbe-1a8f4247762a,2025-03-27 00:22:26,DEBIT,152.87,ACC22952493,ACC26615289,2466.55,2313.68,7590.37,7743.24,0,0,utilities,Cardiff,card_terminal
TXN-2a127bbb-cdfb-4805-a4ac-e2d06202fd90,2025-03-27 02:25:48,PAYMENT,2214.43,ACC39159454,ACC76234781,3242.85,1028.42,26476.67,28691.1,0,0,financial_services,Newcastle,online_banking
TXN-d258845d-5199-405f-931c-89c821fd9eb0,2025-03-27 03:31:15,CASH_IN,1146.69,ACC21503440,ACC99676390,5444.38,6591.07,1849.18,1849.18,0,0,retail,Newcastle,atm
TXN-831cdff4-8a7f-43d4-9564-780884a46b98,2025-03-27 09:26:46,CASH_IN,1505.72,ACC34706569,ACC17213167,14272.91,15778.63,26138.67,26138.67,0,0,transport,Sheffield,mobile_app
TXN-7ff72eb7-012e-4f9d-879b-8ba6d6d6cd33,2025-03-27 09:40:38,CASH_IN,4506.97,ACC25944033,ACC66518457,3290.22,7797.19,5969.76,5969.76,0,0,travel,Newcastle,atm
TXN-93bdb048-31da-4829-ac03-db2836fafcad,2025-03-27 10:01:08,CASH_IN,1464.38,ACC62504528,ACC61783989,13383.96,14848.34,28772.74,28772.74,0,0,transport,Nottingham,branch
TXN-7212fd19-4633-41d2-8d45-ff503419e3ea,2025-03-27 11:31:26,DEBIT,500.41,ACC11904117,ACC30200610,14482.2,13981.79,17354.68,17855.09,0,0,travel,Birmingham,card_terminal
TXN-5f6f78c9-4220-4a98-a21f-b2cb84e9e478,2025-03-27 16:07:57,DEBIT,971.15,ACC47228655,ACC96693449,18014.86,17043.71,10169.94,11141.09,0,0,transport,Birmingham,branch
TXN-2c0b9e61-900c-426d-a464-32edc4f44893,2025-03-27 16:21:01,CASH_IN,681.39,ACC29996104,ACC53649791,2856.59,3537.98,19093.81,19093.81,0,0,transport,Cardiff,card_terminal
TXN-27410922-1d06-462f-9da3-1b839def53f8,2025-03-27 19:20:04,DEBIT,347.5,ACC40289135,ACC95623471,12351.97,12004.47,17604.91,17952.41,0,0,utilities,London,atm
TXN-c8251592-2408-4d4d-9e7e-b8e30106f779,2025-03-27 23:56:10,CASH_OUT,3014.89,ACC22120705,ACC63270351,1365.28,0.0,28652.65,31667.54,0,0,entertainment,Leeds,card_terminal
TXN-60cdddeb-0e93-44d5-b687-163829544fc4,2025-03-28 12:50:37,TRANSFER,604.58,ACC48176560,ACC53014471,5341.48,4736.9,17731.35,18335.93,0,0,groceries,London,card_terminal
TXN-8c3cf982-be82-4c8a-bd4e-a67634aa96a5,2025-03-28 14:04:27,DEBIT,1974.12,ACC48137561,ACC43822301,12981.38,11007.26,1977.36,3951.48,0,0,entertainment,Bristol,mobile_app
TXN-e1f4da15-fc21-4636-85d4-936344ec45ad,2025-03-28 17:08:00,DEBIT,126.4,ACC48352498,ACC82033413,5698.99,5572.59,17925.56,18051.96,0,0,groceries,Manchester,atm
TXN-bf01cad1-dc1f-4277-924b-6ee9dc913e54,2025-03-28 18:31:14,CASH_OUT,9299.41,ACC28311107,ACC74378331,16186.1,6886.69,320.84,9620.25,0,0,travel,Newcastle,card_terminal
TXN-58966bbd-8d82-46c5-aa24-ac5d5d477dcc,2025-03-28 19:54:03,CASH_OUT,2590.5,ACC31203129,ACC19913576,287.01,0.0,24138.99,26729.49,0,0,travel,Bristol,branch
TXN-66cc7d9b-5116-49e4-a479-1aa542e67a9b,2025-03-28 20:07:50,CASH_OUT,9621.28,ACC33841913,ACC14302906,12816.17,3194.89,9139.36,18760.64,0,0,travel,London,card_terminal
TXN-e034e666-16d6-4485-8928-04ee52afa121,2025-03-29 02:42:40,DEBIT,495.19,ACC35095571,ACC33326387,14525.8,14030.61,5804.93,6300.12,0,0,healthcare,Manchester,card_terminal
TXN-8fbb1f36-7045-4433-bdeb-99de00f9a110,2025-03-29 04:26:29,TRANSFER,6785.24,ACC62904575,ACC60138147,17758.62,10973.38,778.87,7564.11,0,0,transport,Bristol,branch
TXN-f32e9706-ef8f-46eb-8c5c-bf41b624ae04,2025-03-29 08:16:49,TRANSFER,7312.4,ACC66013532,ACC42260681,10462.29,3149.89,20339.85,27652.25,0,0,entertainment,Sheffield,mobile_app
TXN-9197ae61-f316-4c56-bfad-5230ff3bd5f8,2025-03-29 10:58:46,CASH_IN,1687.52,ACC93853635,ACC48521233,3709.17,5396.69,12757.34,12757.34,0,0,retail,Manchester,card_terminal
TXN-ee6f964e-98dc-4c82-8c74-2dc3125dcc82,2025-03-29 13:22:27,CASH_OUT,4461.66,ACC83076970,ACC96547189,19016.05,14554.39,25663.51,30125.17,0,0,retail,London,online_banking
TXN-c48478b7-62cc-40f8-a225-a471e919aac4,2025-03-29 15:51:07,TRANSFER,9723.04,ACC37101146,ACC94184877,16188.37,6465.33,3785.58,13508.62,0,0,entertainment,Cardiff,online_banking
TXN-e3716880-d60a-44c2-8ca8-f983ed7cdbdd,2025-03-29 19:38:19,CASH_OUT,4900.18,ACC86800757,ACC73057955,2276.7,0.0,20250.74,25150.92,0,0,travel,Newcastle,branch
TXN-1692ec0d-6165-483a-86c9-05a80d654107,2025-03-29 20:58:13,CASH_IN,4061.37,ACC83267417,ACC28432040,19645.64,23707.01,20351.94,20351.94,0,0,retail,Leeds,atm
TXN-ce209b42-6d63-4b10-8a90-232b7d07752b,2025-03-29 21:19:51,CASH_OUT,4931.5,ACC98673882,ACC61012496,7180.64,2249.14,28234.29,33165.79,0,0,transport,Cardiff,branch
TXN-cc526112-841d-4277-8182-cb1998a110a4,2025-03-29 23:27:45,TRANSFER,8137.87,ACC72464469,ACC73155598,18401.81,10263.94,14048.28,22186.15,0,0,utilities,Leeds,mobile_app
TXN-a27b56d6-2ba4-4c88-a9d2-f17d05df9884,2025-03-29 23:35:39,CASH_IN,830.02,ACC19583482,ACC91756179,7169.89,7999.91,20105.26,20105.26,0,0,entertainment,Newcastle,atm
TXN-88485c11-189a-43c7-90d7-78c5cfd23d0b,2025-03-30 05:51:01,CASH_OUT,1687.11,ACC68624154,ACC57606004,7050.6,5363.49,12573.03,14260.14,0,0,financial_services,London,atm
TXN-1c23da15-4657-43bd-bc7c-e822e6bb987a,2025-03-30 05:56:49,CASH_OUT,3035.34,ACC18057946,ACC38919534,11286.56,8251.22,17035.04,20070.38,0,0,restaurants,Nottingham,branch
TXN-b829bb28-05ea-411a-9621-c210eb6ff89c,2025-03-30 10:43:22,DEBIT,561.98,ACC27092408,ACC33851602,11820.11,11258.13,5260.55,5822.53,0,0,groceries,Edinburgh,atm
TXN-5c94f72f-1bfd-4db3-a16e-af1596ba1a1a,2025-03-30 13:12:02,CASH_IN,600.5,ACC28658140,ACC69315901,2711.52,3312.02,521.38,521.38,0,0,healthcare,Bristol,mobile_app
TXN-eea64f85-8ba5-40e0-bdeb-f81432e4648e,2025-03-30 14:22:53,CASH_IN,3635.04,ACC50621889,ACC21762188,6125.72,9760.76,24393.97,24393.97,0,0,entertainment,Birmingham,card_terminal
TXN-81337f28-03a5-4f67-a9ad-c0d536e74896,2025-03-30 15:04:16,CASH_OUT,1859.63,ACC90764593,ACC95443567,7761.85,5902.22,9579.47,11439.1,0,0,retail,Birmingham,online_banking
TXN-6b7b6e3d-43f9-434b-a282-1446bfb9f1e2,2025-03-30 22:30:33,DEBIT,563.84,ACC22783183,ACC68095862,19119.65,18555.81,26194.31,26758.15,0,0,utilities,Nottingham,card_terminal
TXN-8cf874fe-857f-4ab3-8d57-ff586635fda2,2025-03-31 00:42:40,CASH_IN,1050.04,ACC87267850,ACC61053877,8460.86,9510.9,27145.15,27145.15,0,0,travel,London,mobile_app
TXN-2dec9abc-463f-406b-9f6a-4a561737d6d5,2025-03-31 05:23:12,CASH_IN,1456.1,ACC76616115,ACC30199508,19136.88,20592.98,3280.95,3280.95,0,0,utilities,Newcastle,online_banking
TXN-87c21ea4-4ae6-40f1-b557-6a5f01a99b40,2025-03-31 09:30:05,CASH_IN,3592.58,ACC77959068,ACC18907659,17547.55,21140.13,24607.24,24607.24,0,0,retail,Sheffield,atm
TXN-e8410a66-bddc-4a3d-bd55-802562bd4ca0,2025-03-31 10:54:17,DEBIT,378.54,ACC73107095,ACC65233612,3730.25,3351.71,22306.74,22685.28,0,0,retail,Nottingham,branch
TXN-4861b013-fe7a-4e95-9014-c0aee42af9f7,2025-03-31 14:42:24,CASH_OUT,128.63,ACC69886480,ACC96420023,5667.64,5539.01,15833.75,15962.38,0,0,utilities,Newcastle,atm
TXN-0aeaf46c-32e5-4a95-b2ca-1683c44cea32,2025-03-31 15:12:27,CASH_IN,3963.74,ACC38129989,ACC68878740,6330.19,10293.93,5635.4,5635.4,0,0,travel,Newcastle,atm
TXN-ba636ff4-876e-4c25-b2b9-b2e41b905623,2025-03-31 15:32:57,DEBIT,1866.54,ACC23972387,ACC32388767,15349.04,13482.5,17296.91,19163.45,0,0,entertainment,Newcastle,branch
TXN-b1417c80-9eb0-444e-b097-31bcb493788b,2025-03-31 21:27:31,PAYMENT,2310.96,ACC34847161,ACC69010948,18417.5,16106.54,25538.9,27849.86,0,0,transport,Birmingham,mobile_app
TXN-5e59c927-bacf-4cca-b32b-b6e64600a6ca,2025-03-31 21:39:43,PAYMENT,2484.37,ACC86810468,ACC85454146,3310.57,826.2,8531.42,11015.79,0,0,entertainment,Nottingham,branch
TXN-9c143436-94a2-445b-bf91-90827ba4038d,2025-03-31 23:30:16,CASH_IN,2688.8,ACC35854014,ACC59948088,1504.11,4192.91,21980.25,21980.25,0,0,healthcare,Cardiff,online_banking
TXN-fb5be4b9-c894-45ad-bd75-5168d9337cbe,2025-04-01 09:04:11,CASH_IN,3682.4,ACC91698732,ACC66135725,1152.01,4834.41,21762.58,21762.58,0,0,travel,Birmingham,card_terminal
TXN-2dd9771b-580a-4bc4-a2bc-06d473572394,2025-04-01 09:46:34,CASH_IN,3544.62,ACC84108442,ACC25985787,10548.96,14093.58,9102.31,9102.31,0,0,entertainment,Leeds,card_terminal
TXN-173c1cef-7a28-4708-a74b-d6c52cd1a1be,2025-04-01 11:04:15,TRANSFER,7535.05,ACC71408972,ACC97863486,11649.64,4114.59,24152.15,31687.2,0,0,entertainment,Cardiff,atm
TXN-6a03d491-86f7-44bf-9ece-e640e2243e96,2025-04-01 13:59:03,TRANSFER,957.35,ACC78674708,ACC92150984,14153.91,13196.56,19022.17,19979.52,0,0,entertainment,Sheffield,mobile_app
TXN-c7ad3c93-ad5d-419a-8d01-a8db06199f04,2025-04-01 16:28:58,DEBIT,2210.41,ACC46643203,ACC43007935,18913.63,16703.22,19055.1,21265.51,0,0,retail,Bristol,atm
TXN-6e9a8ff0-87e0-4bb2-be4c-82fdd4a3d8b5,2025-04-01 16:31:49,TRANSFER,7627.95,ACC97951446,ACC30669385,10327.15,2699.2,9400.77,17028.72,0,0,healthcare,Manchester,card_terminal
TXN-51cbed15-73ca-4a45-b5d0-d311b0c28854,2025-04-01 17:51:54,CASH_IN,775.01,ACC74174787,ACC68526669,6663.63,7438.64,11739.91,11739.91,1,0,financial_services,Edinburgh,atm
TXN-9216fe6c-7283-4515-953e-a79cc1c1f2c0,2025-04-01 22:03:53,TRANSFER,9802.19,ACC38063091,ACC10957697,19349.2,9547.01,1103.88,10906.07,0,0,utilities,Glasgow,online_banking
TXN-7ca19bfe-71aa-42ba-8094-82a3137bd930,2025-04-01 22:58:39,PAYMENT,57.48,ACC17901903,ACC40728046,11123.04,11065.56,17653.2,17710.68,1,0,transport,London,atm
TXN-6f7194ee-2962-47b3-9e22-1ecd2ab7c162,2025-04-01 23:18:24,PAYMENT,2303.3,ACC66061934,ACC48858073,17255.99,14952.69,17272.77,19576.07,0,0,transport,Sheffield,branch
TXN-ebe3e5c2-a67e-4bff-a51c-2e5a02716fdb,2025-04-02 00:46:56,DEBIT,224.61,ACC15335477,ACC43204410,4057.62,3833.01,29003.74,29228.35,0,0,healthcare,Liverpool,card_terminal
TXN-fcea0800-2f5b-421f-b09a-5ad091f4aafa,2025-04-02 01:55:49,CASH_IN,4324.28,ACC37523284,ACC79291785,2516.71,6840.99,17538.52,17538.52,0,0,entertainment,Newcastle,atm
TXN-4f1b762a-8fe8-493d-8e2b-ad4560d3603d,2025-04-02 10:37:34,TRANSFER,4641.41,ACC78299645,ACC46698468,2437.58,0.0,24964.3,29605.71,0,0,financial_services,Nottingham,mobile_app
TXN-86cf58b0-525b-423d-8669-113ce15da984,2025-04-02 11:58:25,CASH_OUT,1493.14,ACC38692049,ACC72461793,6357.61,4864.47,288.99,1782.13,0,0,retail,Leeds,atm
TXN-729ea7e9-f95a-451b-a17b-5191a24bc603,2025-04-02 15:28:22,DEBIT,1016.65,ACC81715863,ACC56313253,12364.1,11347.45,27326.59,28343.24,0,0,utilities,Edinburgh,mobile_app
TXN-c1d76672-9db7-432d-85ba-31df9ca560d3,2025-04-02 15:34:11,DEBIT,1281.33,ACC59610894,ACC61823158,1215.35,0.0,20002.99,21284.32,0,0,retail,London,card_terminal
TXN-37bda647-439a-4767-b9ad-0e20e39c33ca,2025-04-02 18:22:23,DEBIT,1781.3,ACC14260842,ACC27161260,17410.19,15628.89,26287.02,28068.32,0,0,travel,Manchester,online_banking
TXN-def6a091-bc86-4f17-a33e-e5e7007a1103,2025-04-02 22:51:19,PAYMENT,850.76,ACC99324655,ACC81576791,4798.34,3947.58,22372.74,23223.5,0,0,utilities,Bristol,branch
TXN-6368b36f-ff11-4bbc-ba6b-53a6e236a38f,2025-04-03 00:02:47,PAYMENT,528.16,ACC16462242,ACC61799600,13894.2,13366.04,10514.43,11042.59,0,0,travel,Edinburgh,atm
TXN-72e97fbb-a712-4831-98b5-3b12519e8282,2025-04-03 01:33:31,DEBIT,2416.6,ACC64426343,ACC25862805,426.72,0.0,10178.55,12595.15,0,0,utilities,Glasgow,branch
TXN-6340499f-afee-4224-9481-79f1e94c5f5d,2025-04-03 01:52:23,PAYMENT,887.23,ACC48604965,ACC90585678,13340.28,12453.05,22508.53,23395.76,0,0,restaurants,Bristol,branch
TXN-14caccc0-aed8-4222-b5ce-3e5342c5b430,2025-04-03 04:10:14,DEBIT,1325.14,ACC82070937,ACC45812670,19424.46,18099.32,25823.39,27148.53,0,0,retail,Manchester,branch
TXN-48b4b019-6bdf-4380-a9a7-2c1d4fb1dcdc,2025-04-03 06:00:32,CASH_OUT,4882.14,ACC72732043,ACC27129912,7838.26,2956.12,20066.21,24948.35,0,0,healthcare,London,branch
TXN-84269ca3-edea-4f30-9982-5e082f9525f8,2025-04-03 08:05:56,DEBIT,2267.05,ACC91612860,ACC61202173,13333.62,11066.57,7450.14,9717.19,0,0,healthcare,Bristol,mobile_app
TXN-750e0e71-c755-429c-a84d-4c3967e2d394,2025-04-03 12:41:28,DEBIT,489.6,ACC78398476,ACC75581713,8782.33,8292.73,7657.75,8147.35,0,0,retail,Edinburgh,online_banking
TXN-d9acba8f-42c0-4bef-94f9-3101f13752b0,2025-04-03 14:12:46,CASH_OUT,8541.87,ACC65950146,ACC97577092,14332.46,5790.59,14054.02,22595.89,0,0,retail,Nottingham,card_terminal
TXN-d8285a8e-628b-4bd4-9520-b0aa77083c65,2025-04-03 16:11:43,TRANSFER,7865.65,ACC89551741,ACC87814308,9752.72,1887.07,3481.95,11347.6,0,0,retail,Sheffield,online_banking
TXN-8c774484-49d4-4159-84e3-14e17649400f,2025-04-03 16:28:23,CASH_OUT,7853.49,ACC52803305,ACC19015987,10470.19,2616.7,10449.01,18302.5,0,0,restaurants,London,branch
TXN-1977bb03-4a6c-4ceb-8ce7-82672f06c4a3,2025-04-03 20:15:38,DEBIT,179.49,ACC47508257,ACC67977016,1885.33,1705.84,20952.88,21132.37,0,0,utilities,Cardiff,card_terminal
TXN-8c7fee32-ce6e-4bc7-a9d3-2dfca1723e4c,2025-04-03 20:47:27,CASH_OUT,5165.85,ACC87337818,ACC73440831,5641.7,475.85,14562.43,19728.28,0,0,utilities,Nottingham,mobile_app
TXN-74121705-62fa-4d4d-9542-eb9a5be95b17,2025-04-03 20:51:28,CASH_OUT,2393.44,ACC11534878,ACC45105069,15099.76,12706.32,28621.04,31014.48,0,0,retail,Edinburgh,branch
TXN-ccb2ab24-f956-4dbf-8167-ce36516be758,2025-04-03 21:46:30,CASH_IN,1026.02,ACC69555922,ACC54116005,7577.38,8603.4,19261.17,19261.17,0,0,entertainment,Liverpool,atm
TXN-f79542b0-a3a7-4aa9-834e-b619bb2f40f8,2025-04-04 00:57:33,TRANSFER,7482.6,ACC67003442,ACC59886613,2432.99,0.0,20873.42,28356.02,0,0,groceries,Edinburgh,mobile_app
TXN-921552e2-47fb-4712-875b-c40ed2fd9417,2025-04-04 04:46:37,TRANSFER,9483.44,ACC38345472,ACC12941149,18372.29,8888.85,12101.75,21585.19,0,0,healthcare,Birmingham,online_banking
TXN-f53c9439-cfa1-4cda-9dba-8a9af412099a,2025-04-04 06:19:29,CASH_IN,4010.63,ACC64105718,ACC52698007,11599.29,15609.92,3866.11,3866.11,0,0,healthcare,Birmingham,mobile_app
TXN-d5a1c39e-01c5-4f15-929f-f6fdf994f8b1,2025-04-04 08:32:33,DEBIT,2413.99,ACC98855162,ACC43775489,8338.38,5924.39,5516.59,7930.58,0,0,transport,Leeds,card_terminal
TXN-f894f0b0-9178-40f9-98b4-3f6a1f48d861,2025-04-04 10:10:59,CASH_OUT,9853.35,ACC33721002,ACC44358021,12556.51,2703.16,312.25,10165.6,0,0,groceries,Newcastle,atm
TXN-a2ae7951-6567-44be-83ee-7cd914c28d5f,2025-04-04 11:25:14,TRANSFER,9627.22,ACC68571795,ACC91363974,5382.78,0.0,3252.08,12879.3,0,0,healthcare,Manchester,card_terminal
TXN-9df189c4-db21-4d75-84bb-2ea174add354,2025-04-04 12:50:10,CASH_IN,3593.96,ACC92523968,ACC68376726,3416.23,7010.19,13317.25,13317.25,0,0,restaurants,Glasgow,card_terminal
TXN-8a99ba28-ad3b-487f-b86c-55c3e06b1a99,2025-04-04 13:35:03,CASH_IN,2156.55,ACC11889398,ACC53246714,9600.27,11756.82,140.07,140.07,0,0,healthcare,Leeds,branch
TXN-26d8e72f-d80f-4508-9d47-81a447f47993,2025-04-04 16:10:24,CASH_OUT,3545.98,ACC65782199,ACC69391930,19552.72,16006.74,26229.05,29775.03,0,0,restaurants,Birmingham,atm
TXN-3f2f94ee-2b77-4af6-9dd1-8faa6006868b,2025-04-04 17:36:13,TRANSFER,5685.25,ACC58156722,ACC15425057,11359.67,5674.42,26165.85,31851.1,0,0,utilities,Nottingham,online_banking
TXN-bbbe0d1b-2dcb-4332-89f9-c63bad7f9c03,2025-04-04 18:36:49,CASH_IN,1425.47,ACC35079956,ACC43482865,1744.04,3169.51,12868.56,12868.56,0,0,restaurants,Manchester,atm
TXN-c2328dc6-878a-4fec-b481-5d54d7934444,2025-04-04 23:55:27,CASH_IN,1283.18,ACC94323222,ACC23913528,423.22,1706.4,23655.6,23655.6,0,0,retail,Birmingham,atm
TXN-265b93ec-176d-424e-b33f-82dd55acc121,2025-04-05 01:59:08,TRANSFER,6869.32,ACC42621391,ACC93349536,3204.23,0.0,21854.6,28723.92,0,0,entertainment,Liverpool,online_banking
TXN-4985fb66-9d0b-4583-97e3-38e0cc408169,2025-04-05 06:22:35,DEBIT,1036.83,ACC94019376,ACC67337891,5575.56,4538.73,16701.54,17738.37,0,0,healthcare,Nottingham,online_banking
TXN-9a96e10a-1f7d-47d1-b397-cf462a3f67ab,2025-04-05 08:52:50,PAYMENT,2123.7,ACC79255529,ACC33414716,12994.6,10870.9,20314.18,22437.88,0,0,healthcare,Birmingham,mobile_app
TXN-889e735a-854a-4143-bdfd-083d06cfe0d9,2025-04-05 09:15:57,CASH_OUT,4864.91,ACC26320018,ACC35883252,12318.7,7453.79,16394.48,21259.39,0,0,groceries,Newcastle,atm
TXN-a9a622bd-441f-41d8-971d-10e4882a9013,2025-04-05 09:35:13,PAYMENT,262.55,ACC87662596,ACC83061428,19371.98,19109.43,19007.01,19269.56,0,0,entertainment,Sheffield,atm
TXN-e89964ce-f5c7-4db9-a095-dbce5c11b5ca,2025-04-05 10:20:47,DEBIT,215.36,ACC69479985,ACC94084814,18638.63,18423.27,11695.39,11910.75,0,0,entertainment,Birmingham,online_banking
TXN-3c8aadd5-5cb3-4af6-b5f4-892767623193,2025-04-05 13:41:11,DEBIT,601.35,ACC37557095,ACC63729043,14718.26,14116.91,28577.65,29179.0,0,0,entertainment,London,online_banking
TXN-a7ebc294-2e87-45e1-bcd1-bf2060e64c7f,2025-04-05 15:40:55,CASH_IN,3303.65,ACC58240526,ACC37690126,2918.5,6222.15,14934.97,14934.97,0,0,transport,Leeds,online_banking
TXN-f31c0b6d-d6c6-4c2d-80cd-4beaf5a6eba9,2025-04-05 15:50:47,TRANSFER,8364.87,ACC96779969,ACC19679848,4191.03,0.0,24862.46,33227.33,0,0,entertainment,London,branch
TXN-701e160a-7c2a-4d44-83ad-1dce2ea8b0ad,2025-04-05 19:09:55,DEBIT,1610.52,ACC22543044,ACC96707983,6636.68,5026.16,3833.81,5444.33,0,0,financial_services,Newcastle,branch
TXN-d412906c-fd0b-46ef-ad29-fb4262c96e34,2025-04-05 19:51:22,PAYMENT,1855.17,ACC21668732,ACC89254563,4973.35,3118.18,4186.14,6041.31,0,0,financial_services,London,mobile_app
TXN-2e63031c-e05e-4806-8551-ccb85309b765,2025-04-06 02:39:12,CASH_IN,4613.43,ACC69260945,ACC60240663,1332.34,5945.77,7514.52,7514.52,0,0,groceries,Birmingham,branch
TXN-98509642-7819-42b6-be07-8db6fb7f27ae,2025-04-06 04:13:38,PAYMENT,223.76,ACC86885150,ACC59356828,1873.87,1650.11,22217.44,22441.2,0,0,entertainment,Bristol,atm
TXN-37f322e0-00c1-4819-8668-877dd558bd37,2025-04-06 04:58:12,CASH_IN,2294.8,ACC19369750,ACC47077298,2978.38,5273.18,5718.31,5718.31,0,0,financial_services,Bristol,online_banking
TXN-2738aa54-1afa-4b6b-932c-f15327bb2635,2025-04-06 07:07:24,TRANSFER,6974.76,ACC97407684,ACC11225745,5892.52,0.0,4344.69,11319.45,0,0,retail,Edinburgh,branch
TXN-72ce6ed5-c837-4cfd-b673-312fdd465573,2025-04-06 13:10:16,TRANSFER,1237.58,ACC87989327,ACC74489726,5616.62,4379.04,29829.99,31067.57,0,0,financial_services,Liverpool,mobile_app
TXN-ef182c62-bb55-4420-a799-23379000d55a,2025-04-06 14:32:22,CASH_IN,384.51,ACC36092407,ACC63240727,13920.27,14304.78,22492.08,22492.08,0,0,groceries,London,mobile_app
TXN-e72b95bb-918f-4ae6-8d5b-92e255e3d163,2025-04-06 19:53:02,CASH_OUT,7547.08,ACC90967191,ACC39600202,17083.61,9536.53,28602.91,36149.99,0,0,travel,Leeds,atm
TXN-e557d1eb-fae8-4f87-9283-7d6059b4d370,2025-04-06 20:02:20,TRANSFER,6656.4,ACC54398056,ACC57219209,7443.51,787.11,16604.19,23260.59,0,0,travel,Liverpool,atm
TXN-03fb42de-603c-4d8d-8e46-bb126606a643,2025-04-07 05:51:34,DEBIT,68.05,ACC48468887,ACC43629729,2992.0,2923.95,20107.63,20175.68,0,0,entertainment,London,mobile_app
TXN-0101e94a-7543-466f-a845-02b2398cd264,2025-04-07 08:12:28,PAYMENT,1844.76,ACC53011925,ACC57340158,15070.32,13225.56,26133.94,27978.7,0,0,restaurants,Newcastle,branch
TXN-79afb894-84f7-4887-87b3-84bb1ff95b1b,2025-04-07 08:33:04,TRANSFER,2873.67,ACC51663795,ACC40150759,13310.69,10437.02,18577.82,21451.49,0,0,utilities,Birmingham,mobile_app
TXN-4b82da93-d3cc-48fb-81c8-8d2fb2065d41,2025-04-07 09:02:56,CASH_IN,147.89,ACC59449823,ACC70655417,2545.6,2693.49,15918.88,15918.88,0,0,travel,Newcastle,online_banking
TXN-56b32ba3-4e62-406c-bc44-f1a04b861f3a,2025-04-07 12:16:15,CASH_IN,2609.97,ACC91117376,ACC67640289,19244.95,21854.92,7975.07,7975.07,0,0,retail,Bristol,card_terminal
TXN-66f99a41-e590-421e-8bbb-8277e3e171a5,2025-04-07 15:05:25,PAYMENT,542.9,ACC16241172,ACC94992096,16508.63,15965.73,5717.36,6260.26,0,0,transport,Nottingham,branch
TXN-366519de-e6d3-4695-a24a-49085e59fc36,2025-04-07 15:42:04,PAYMENT,1728.59,ACC15706527,ACC36353784,15702.19,13973.6,2332.06,4060.65,0,0,transport,London,branch
TXN-11a37f14-36e3-42f8-8601-308293368aba,2025-04-07 17:22:10,TRANSFER,2903.28,ACC50213043,ACC11225756,10748.47,7845.19,20633.1,23536.38,0,0,financial_services,Liverpool,atm
TXN-adeb1f5d-ed3e-40b4-9387-3b76355ba319,2025-04-07 18:55:50,DEBIT,386.08,ACC76060289,ACC72548391,12477.14,12091.06,2890.01,3276.09,0,0,utilities,Liverpool,atm
TXN-c15cb75b-2868-4453-a2f4-83f74e9bcf8f,2025-04-07 22:42:46,PAYMENT,1625.81,ACC83112925,ACC23381785,12363.58,10737.77,12338.39,13964.2,0,0,travel,Newcastle,mobile_app
TXN-4164d473-46f3-47d2-a2a1-d4b8a498f60c,2025-04-07 23:42:02,PAYMENT,2104.75,ACC26743635,ACC70228445,5269.15,3164.4,15224.98,17329.73,0,0,restaurants,Cardiff,mobile_app
TXN-ff7e6010-af3f-401d-825f-05898631eda4,2025-04-08 06:44:27,CASH_OUT,2343.85,ACC35708194,ACC39042654,14453.56,12109.71,9466.44,11810.29,0,0,travel,Liverpool,atm
TXN-a499115e-d10a-4835-a376-b44b9cb35fd5,2025-04-08 07:21:16,CASH_IN,392.9,ACC81612882,ACC30625554,10976.92,11369.82,10286.94,10286.94,0,0,groceries,Birmingham,mobile_app
TXN-bafc7f19-1aed-4c9d-b3a5-734171860189,2025-04-08 08:25:47,TRANSFER,1010.58,ACC41758221,ACC24150817,2213.79,1203.21,28027.02,29037.6,0,0,entertainment,Edinburgh,online_banking
TXN-82064aed-13f6-45e0-90ce-0b6ca4f8e0af,2025-04-08 09:18:11,CASH_IN,292.81,ACC48848936,ACC54039837,4168.02,4460.83,28359.72,28359.72,0,0,transport,London,card_terminal
TXN-9c95b999-d162-48fe-b14c-fb9013ff8c01,2025-04-08 10:55:57,PAYMENT,505.62,ACC68436893,ACC65064200,9303.49,8797.87,7211.22,7716.84,0,0,retail,Manchester,card_terminal
TXN-e12d364f-d3b3-42e5-bcaa-3e5bb58af84b,2025-04-08 12:13:37,CASH_IN,2081.99,ACC25217605,ACC33597329,7099.41,9181.4,24845.58,24845.58,0,0,travel,Sheffield,branch
TXN-71419d32-a0e4-4447-a57b-537932786ac3,2025-04-08 19:03:38,DEBIT,110.68,ACC40208193,ACC33463164,9028.18,8917.5,5055.97,5166.65,0,0,transport,Bristol,card_terminal
TXN-8a7f57f5-4276-4071-8d65-b311185ec240,2025-04-08 19:42:52,PAYMENT,2300.87,ACC15672460,ACC74732147,13548.66,11247.79,19902.72,22203.59,0,0,retail,Cardiff,mobile_app
TXN-463b53b6-bd54-4f86-b5d4-b1b97ef4feb0,2025-04-08 19:56:10,DEBIT,504.19,ACC34239835,ACC12496895,8105.79,7601.6,18748.92,19253.11,0,0,healthcare,Birmingham,atm
TXN-cc148781-2f6a-48d5-b276-4d06ddad52bb,2025-04-08 21:23:35,CASH_OUT,6753.04,ACC85007641,ACC39127464,12098.15,5345.11,26208.61,32961.65,0,0,travel,Leeds,branch
TXN-d00cd59f-b2ce-46c7-90f9-821d77462f8f,2025-04-08 22:45:37,TRANSFER,5024.2,ACC18060088,ACC18022882,13750.3,8726.1,10152.66,15176.86,0,0,retail,Glasgow,online_banking
TXN-522bd596-f204-4bba-a01a-a82380b6d64a,2025-04-08 22:45:40,DEBIT,324.85,ACC55802675,ACC61079694,7391.56,7066.71,24286.6,24611.45,0,0,transport,Sheffield,mobile_app
TXN-efb7cd95-25d7-4c7d-adff-bc2ee77a48e2,2025-04-09 04:50:23,PAYMENT,814.26,ACC54566533,ACC33532534,12654.39,11840.13,11656.96,12471.22,0,0,retail,Glasgow,card_terminal
TXN-104faad6-d8a3-44ac-8367-252f1fee7674,2025-04-09 18:02:01,CASH_OUT,5399.21,ACC83782999,ACC78559218,3447.36,0.0,13719.64,19118.85,0,0,transport,Cardiff,online_banking
TXN-8c30f773-3bc6-4ee6-9962-2a1a8d6e842f,2025-04-09 19:28:08,PAYMENT,1779.22,ACC93635734,ACC16521231,15863.33,14084.11,11255.77,13034.99,0,0,groceries,Glasgow,atm
TXN-7bbc2d09-560d-4fd0-8456-2edad2767090,2025-04-09 20:04:24,DEBIT,252.45,ACC38859907,ACC67723010,14065.41,13812.96,25583.78,25836.23,0,0,travel,Leeds,branch
TXN-91bebd84-522c-48c8-a513-17fa915ad0d6,2025-04-09 22:51:46,TRANSFER,6043.87,ACC76319264,ACC72270726,15228.28,9184.41,19665.27,25709.14,0,0,travel,Glasgow,online_banking
TXN-787e7c79-a94d-4be0-9491-5c8727b48cae,2025-04-10 06:02:51,DEBIT,96.03,ACC90657252,ACC60674785,14939.58,14843.55,5629.71,5725.74,0,0,utilities,Bristol,mobile_app
TXN-97778f9d-5141-479b-976b-3435f1ca36b5,2025-04-10 09:56:55,PAYMENT,1019.92,ACC29640030,ACC40301728,6654.21,5634.29,2669.22,3689.14,0,0,restaurants,London,card_terminal
TXN-9d60d970-499e-4624-8d8c-822cf085942f,2025-04-10 10:21:44,CASH_OUT,2029.63,ACC57661928,ACC53632879,11560.3,9530.67,19473.93,21503.56,0,0,healthcare,Nottingham,card_terminal
TXN-896a96e2-3ea0-47ce-8fcf-af74b6170bd1,2025-04-10 11:02:00,CASH_OUT,4453.43,ACC32031067,ACC75965276,816.02,0.0,5306.08,9759.51,0,0,financial_services,Birmingham,branch
TXN-c8160834-8688-4e40-bd76-6c25481f1b11,2025-04-10 19:07:26,PAYMENT,1837.53,ACC43797105,ACC76632538,18665.42,16827.89,15658.73,17496.26,0,0,transport,Leeds,card_terminal
TXN-4371ec6f-dd6b-4195-9692-9e2ab8efd890,2025-04-10 22:15:47,PAYMENT,787.66,ACC73297813,ACC18359252,3113.48,2325.82,20715.01,21502.67,0,0,entertainment,Newcastle,branch
TXN-59f0cb7c-637f-437c-96b2-f247071ff1cb,2025-04-11 01:34:06,CASH_OUT,9896.17,ACC24871807,ACC16442905,18688.8,8792.63,26040.45,35936.62,0,0,restaurants,Manchester,card_terminal
TXN-ae09c2d0-e13d-4782-abee-48dac0a6ebe1,2025-04-11 03:12:19,CASH_IN,1062.72,ACC27368573,ACC92474074,15493.49,16556.21,17288.37,17288.37,0,0,financial_services,Glasgow,atm
TXN-722d1d79-c16b-4672-9bb5-d5853a2d0f34,2025-04-11 04:02:24,TRANSFER,9110.96,ACC55417034,ACC38217583,517.78,0.0,20323.57,29434.53,0,0,restaurants,Nottingham,atm
TXN-d7107a41-f45a-4f2f-832d-09aca1fbf201,2025-04-11 07:24:43,PAYMENT,1836.14,ACC56658526,ACC95483165,17602.6,15766.46,8048.01,9884.15,0,0,restaurants,Edinburgh,online_banking
TXN-8577fbd3-4bf0-4d04-9ea2-42c576ee834b,2025-04-11 07:31:22,DEBIT,2153.32,ACC37775381,ACC17966873,12244.21,10090.89,12845.01,14998.33,0,0,retail,Newcastle,atm
TXN-e5d0bbe2-bc3b-4686-9407-5199ce07b998,2025-04-11 08:43:34,DEBIT,2104.48,ACC43954789,ACC84185883,13278.25,11173.77,28225.45,30329.93,0,0,financial_services,Liverpool,mobile_app
TXN-cac6d8a4-312c-48b1-a504-fceab9f8f18b,2025-04-11 09:26:20,PAYMENT,1755.24,ACC32409388,ACC59911470,3360.27,1605.03,28590.49,30345.73,0,0,entertainment,Edinburgh,online_banking
TXN-e83506e6-dc26-457c-b025-b149302ff88f,2025-04-11 11:48:43,DEBIT,262.72,ACC61705758,ACC11656329,1883.41,1620.69,16626.59,16889.31,0,0,restaurants,Sheffield,branch
TXN-5fdfb7df-b9ae-4238-b749-e08b0a5ca685,2025-04-11 12:19:19,TRANSFER,7841.94,ACC83897088,ACC92413089,18989.98,11148.04,3008.36,10850.3,0,0,groceries,Birmingham,branch
TXN-3af085b9-fa2b-42c5-9c84-ba0ed3982c6a,2025-04-11 14:16:21,CASH_IN,515.9,ACC94197247,ACC44927495,16043.32,16559.22,15127.71,15127.71,0,0,healthcare,Birmingham,online_banking
TXN-c20b7866-a714-43ce-b512-8f5f82e537e7,2025-04-11 15:51:02,TRANSFER,3868.97,ACC86129797,ACC55929418,6880.21,3011.24,24417.47,28286.44,0,0,healthcare,Edinburgh,branch
TXN-5b063d51-8b9d-4587-a0f0-ac69ac72cb3c,2025-04-11 17:18:14,CASH_OUT,1240.51,ACC90022258,ACC30802666,15803.96,14563.45,267.9,1508.41,0,0,retail,Manchester,card_terminal
TXN-df7c1981-08f8-4a95-b4dd-10d61d75391c,2025-04-11 19:17:59,DEBIT,1016.3,ACC75573851,ACC18580762,14044.76,13028.46,11813.9,12830.2,0,0,healthcare,Cardiff,online_banking
TXN-922db08b-6a0c-40a7-84ba-91872be3d77c,2025-04-11 20:27:29,CASH_OUT,9106.16,ACC68648080,ACC41322048,14885.06,5778.9,21750.84,30857.0,0,0,utilities,Liverpool,branch
TXN-d04c08be-fb65-45fb-964a-a207eced2b5b,2025-04-11 21:49:39,PAYMENT,2127.17,ACC78524572,ACC79231333,18622.09,16494.92,15544.6,17671.77,0,0,utilities,Cardiff,online_banking
TXN-af3156b6-3a10-4851-98e2-ea52b803d7a0,2025-04-11 23:28:15,TRANSFER,7925.09,ACC56616197,ACC68883853,2603.97,0.0,6980.24,14905.33,0,0,utilities,London,card_terminal
TXN-4492abb8-47d6-413d-ac4f-0f81379074aa,2025-04-12 01:31:26,CASH_IN,67.34,ACC22997893,ACC38329115,5395.01,5462.35,28656.41,28656.41,0,0,healthcare,London,mobile_app
TXN-ca5dbd62-c18a-48a5-9aff-416dd58e1409,2025-04-12 05:19:02,CASH_OUT,330.47,ACC28468304,ACC15140967,18623.44,18292.97,25175.29,25505.76,0,0,restaurants,Nottingham,online_banking
TXN-aa573088-e5de-4603-be82-9fa11c724692,2025-04-12 06:46:08,DEBIT,883.87,ACC58015656,ACC42926044,695.81,0.0,5397.13,6281.0,0,0,transport,Leeds,card_terminal
TXN-e5ad5671-c567-4869-91a1-d400f93dd549,2025-04-12 11:09:32,DEBIT,2105.56,ACC33050166,ACC44897610,8960.6,6855.04,9122.47,11228.03,0,0,utilities,Nottingham,card_terminal
TXN-e533cd50-498d-4e1d-bb15-2275b0ed4a6b,2025-04-12 12:07:00,CASH_IN,3334.07,ACC40038761,ACC87305664,18462.45,21796.52,19006.45,19006.45,0,0,transport,Glasgow,mobile_app
TXN-8f688019-44fa-44d0-852c-a15eaf16efd5,2025-04-12 13:09:09,TRANSFER,2680.35,ACC62088975,ACC73038607,4756.97,2076.62,20057.57,22737.92,0,0,travel,London,mobile_app
TXN-bfce3ea6-e9b4-494a-a0dc-2c2384486b6e,2025-04-12 15:22:13,DEBIT,231.82,ACC90048665,ACC18526544,1037.62,805.8,3289.47,3521.29,0,0,financial_services,Sheffield,branch
TXN-a2513c7f-f04b-4087-9854-3a65aadec0a6,2025-04-12 17:19:51,TRANSFER,7082.08,ACC27031212,ACC37670356,11915.24,4833.16,8511.95,15594.03,0,0,entertainment,Glasgow,mobile_app
TXN-ff235b1d-1332-46e5-972b-df2ddb8ad065,2025-04-12 17:36:53,PAYMENT,676.57,ACC16131148,ACC16449014,19535.6,18859.03,16943.9,17620.47,0,0,retail,Manchester,online_banking
TXN-b30619fe-207c-4cb9-a321-5f78b0bcec56,2025-04-12 23:13:43,CASH_IN,3806.49,ACC92077910,ACC32808354,4475.09,8281.58,8854.85,8854.85,0,0,healthcare,Leeds,online_banking
TXN-c552b1a2-f56c-4085-97aa-a4cb6eed0e3a,2025-04-13 03:34:41,CASH_OUT,6124.33,ACC44271680,ACC97824468,13076.11,6951.78,8177.72,14302.05,0,0,financial_services,Nottingham,branch
TXN-b58b3b98-8d0f-4f96-8bbf-2481d758ec9a,2025-04-13 10:49:46,PAYMENT,883.2,ACC92474715,ACC89211057,9211.43,8328.23,5175.83,6059.03,0,0,transport,Glasgow,atm
TXN-97017df9-cc7f-4507-9a6b-c05072d9d2d4,2025-04-13 11:30:05,PAYMENT,1308.74,ACC64874257,ACC58623028,10443.26,9134.52,11250.9,12559.64,0,0,transport,Birmingham,card_terminal
TXN-7766c8bc-c197-4b17-a83c-1ff6356d4bfb,2025-04-13 16:55:01,DEBIT,130.29,ACC99600766,ACC81287314,5059.05,4928.76,25450.09,25580.38,0,0,healthcare,Cardiff,branch
TXN-47a3cfd4-9d9e-4447-97f9-b634afc9b444,2025-04-13 20:48:25,PAYMENT,2257.43,ACC93251648,ACC29790089,14314.68,12057.25,15063.04,17320.47,0,0,transport,Nottingham,branch
TXN-3514937b-3bed-47f2-ac50-2066855b53ee,2025-04-14 00:00:24,PAYMENT,547.94,ACC29693143,ACC98701999,2864.44,2316.5,17423.04,17970.98,0,0,entertainment,Nottingham,mobile_app
TXN-9356609d-ed92-46aa-951b-82d5498883e8,2025-04-14 00:52:28,TRANSFER,3142.52,ACC89528133,ACC94060174,12557.29,9414.77,2901.78,6044.3,0,0,retail,Liverpool,atm
TXN-99254e14-f6f8-45e9-99ef-99ae1e60c604,2025-04-14 06:59:10,PAYMENT,1419.89,ACC44809624,ACC64867187,4330.21,2910.32,6028.23,7448.12,0,0,travel,Glasgow,branch
TXN-560a369f-0f25-4107-a32f-4fd28ec0f73e,2025-04-14 08:35:24,DEBIT,1934.11,ACC66756516,ACC39260590,6336.87,4402.76,24970.02,26904.13,0,0,entertainment,Manchester,mobile_app
TXN-51add50e-ff3d-4159-9dd5-afd49c4a45b2,2025-04-14 09:22:59,PAYMENT,1862.76,ACC56189726,ACC12662253,5269.41,3406.65,10809.2,12671.96,0,0,financial_services,Manchester,branch
TXN-7b0bdcc1-2afa-4444-a79d-6c35abf3a91d,2025-04-14 11:04:34,CASH_OUT,4546.57,ACC90973889,ACC15412975,9320.6,4774.03,25574.47,30121.04,0,0,utilities,Bristol,online_banking
TXN-80f74185-3b25-4b43-ab36-b86eae268029,2025-04-14 16:29:54,PAYMENT,1613.93,ACC15813974,ACC24015162,5772.78,4158.85,13040.15,14654.08,0,0,groceries,Newcastle,mobile_app
TXN-9e59658f-c0ad-4a00-9a41-ae6f3e7862d6,2025-04-14 17:04:34,DEBIT,1882.22,ACC36040410,ACC59370777,15697.63,13815.41,7020.09,8902.31,0,0,travel,Nottingham,atm
TXN-ccc39544-37d5-4be4-9beb-181be9074ad5,2025-04-14 19:36:15,CASH_IN,966.59,ACC36445607,ACC58884978,983.29,1949.88,13081.73,13081.73,0,0,financial_services,Manchester,card_terminal
TXN-d550e276-ba06-4cbb-b66e-6b9945d5171d,2025-04-14 23:48:37,CASH_OUT,4409.94,ACC80993218,ACC11049999,10910.04,6500.1,9075.51,13485.45,0,0,healthcare,Liverpool,online_banking
TXN-38f527c6-5cb1-433d-be4f-7b1b48b179fc,2025-04-15 03:38:10,CASH_IN,2264.63,ACC46231955,ACC41649234,11471.05,13735.68,29378.17,29378.17,0,0,healthcare,Sheffield,atm
TXN-eb278839-996b-4569-a2e1-08f51799b4a3,2025-04-15 05:00:58,CASH_IN,2501.99,ACC26506561,ACC37097261,17422.8,19924.79,4628.87,4628.87,0,0,travel,Sheffield,card_terminal
TXN-d7c10422-e734-4c56-b2cd-9e3a562baa6c,2025-04-15 05:22:38,DEBIT,2265.28,ACC41711468,ACC23798190,7052.57,4787.29,21821.37,24086.65,0,0,entertainment,Liverpool,online_banking
TXN-a1357769-476b-4223-b98e-2d850104b3c1,2025-04-15 06:54:52,CASH_OUT,4075.76,ACC56059101,ACC39845082,14760.97,10685.21,17490.71,21566.47,0,0,healthcare,Glasgow,branch
TXN-d7268270-ea03-451c-9e43-cbb8a797d73e,2025-04-15 09:38:10,PAYMENT,1943.88,ACC33881291,ACC69132953,7717.7,5773.82,9979.64,11923.52,0,0,transport,Nottingham,atm
TXN-6cd4b524-eb14-4eb8-9d40-329d809e5758,2025-04-15 13:09:31,PAYMENT,2316.66,ACC94685039,ACC13792466,14739.72,12423.06,7270.59,9587.25,0,0,entertainment,Liverpool,branch
TXN-3090dd96-8c5c-4567-a2f6-7b51d446b0e2,2025-04-15 15:48:45,DEBIT,200.8,ACC65904597,ACC26178675,1212.86,1012.06,23127.05,23327.85,0,0,utilities,Edinburgh,branch
TXN-c591e92c-e432-4ed5-a523-42824002c751,2025-04-15 17:54:11,CASH_OUT,9303.67,ACC10211873,ACC23001760,8019.61,0.0,9243.01,18546.68,0,0,transport,Edinburgh,online_banking
TXN-aa66b944-2cf8-4d38-86bd-8a8a01010a54,2025-04-15 21:11:09,CASH_OUT,7287.88,ACC87698748,ACC64376227,17852.89,10565.01,25487.62,32775.5,0,0,utilities,London,mobile_app
TXN-24d0919d-3345-4873-a0df-4375cc1df1e8,2025-04-16 02:56:06,CASH_OUT,4617.03,ACC97742922,ACC97227356,4939.84,322.81,20917.09,25534.12,0,0,groceries,Manchester,branch
TXN-7aa88948-a115-4738-80f1-78f402fdc5a7,2025-04-16 03:34:04,CASH_IN,187.43,ACC70725652,ACC76476033,10669.32,10856.75,14378.08,14378.08,0,0,utilities,Manchester,card_terminal
TXN-e52a5d73-56b5-4e9e-bc67-fa63fdcc511b,2025-04-16 08:22:41,TRANSFER,4215.66,ACC61623796,ACC21222980,9992.34,5776.68,16013.12,20228.78,0,0,financial_services,Newcastle,branch
TXN-9b0aec77-6af0-4422-bdcc-f244c5d690bc,2025-04-16 14:22:53,CASH_OUT,474.83,ACC76588957,ACC13957046,9273.8,8798.97,5039.68,5514.51,0,0,financial_services,Glasgow,mobile_app
TXN-035bb4d4-19f8-404d-bbd5-977af8c6c8a7,2025-04-16 17:59:29,DEBIT,40.22,ACC25906458,ACC40129725,10564.17,10523.95,23200.78,23241.0,0,0,utilities,Leeds,mobile_app
TXN-dce71c3e-01b2-43dd-a5e7-f6aaf8a8bcd6,2025-04-16 20:21:47,CASH_IN,3720.81,ACC91212919,ACC20362848,8068.01,11788.82,1679.9,1679.9,0,0,travel,Nottingham,online_banking
TXN-5708069e-072a-4867-82cb-253b8add2606,2025-04-16 20:55:53,CASH_OUT,9995.97,ACC19898653,ACC26821075,14405.51,4409.54,15770.87,25766.84,0,0,retail,Glasgow,branch
TXN-f1e26c80-4656-4b6b-a1e4-6f02ff7790da,2025-04-16 21:34:16,DEBIT,1541.7,ACC46023439,ACC53258988,18400.39,16858.69,23239.24,24780.94,0,0,utilities,Manchester,atm
TXN-ecdb3407-22c4-4b9d-a087-1963fadf096b,2025-04-17 02:29:02,CASH_IN,1169.49,ACC76858535,ACC13590174,18853.82,20023.31,891.71,891.71,0,0,entertainment,Sheffield,branch
TXN-ae810cc7-2921-4537-b47f-ccb771fcc351,2025-04-17 02:54:40,DEBIT,37.65,ACC72821834,ACC95753950,18428.6,18390.95,19672.48,19710.13,0,0,groceries,Bristol,mobile_app
TXN-2eb2845a-1c50-4e1e-afb4-c1cd63b629e6,2025-04-17 03:49:11,CASH_IN,3319.17,ACC78663747,ACC92906016,5472.55,8791.72,18169.03,18169.03,0,0,transport,Liverpool,mobile_app
TXN-ca8fb8d9-7b9d-4a2c-808b-ab235685f185,2025-04-17 04:28:03,CASH_IN,291.21,ACC73104323,ACC81391010,7518.99,7810.2,13572.32,13572.32,0,0,healthcare,Liverpool,atm
TXN-863c501a-8ed5-4396-ad59-35b67dc48eb0,2025-04-17 05:26:37,TRANSFER,4513.58,ACC83659258,ACC91722503,204.5,0.0,2376.77,6890.35,0,0,healthcare,Sheffield,branch
TXN-a6a70c8b-9047-424d-af2e-56c97b82157c,2025-04-17 10:27:07,PAYMENT,1270.81,ACC20298660,ACC96525668,6277.12,5006.31,13557.42,14828.23,0,0,transport,Cardiff,atm
TXN-bbf025b5-b950-4922-97db-b834a2ab826c,2025-04-17 11:01:06,CASH_OUT,2751.4,ACC39009803,ACC80477785,1827.28,0.0,26311.46,29062.86,0,0,restaurants,Birmingham,mobile_app
TXN-8644b7c7-055f-4b75-ade2-9ea1778b0c37,2025-04-17 11:52:42,TRANSFER,2952.18,ACC52688984,ACC70768130,17033.18,14081.0,27781.26,30733.44,0,0,restaurants,Leeds,online_banking
TXN-9098a80b-ab0d-4321-8957-ae85327b0d6d,2025-04-17 12:27:25,TRANSFER,3474.0,ACC67668666,ACC90139636,371.61,0.0,20533.13,24007.13,0,0,groceries,Sheffield,online_banking
TXN-1c96b89a-1e5e-4c12-b120-37919f7c7890,2025-04-17 12:53:41,CASH_IN,894.96,ACC19673809,ACC63293990,7666.13,8561.09,21110.14,21110.14,0,0,groceries,Sheffield,branch
TXN-8c90efd0-7eaf-420f-aaec-f5304a3072c6,2025-04-17 15:00:08,DEBIT,2057.99,ACC20998762,ACC22381399,7289.22,5231.23,2939.63,4997.62,0,0,groceries,Sheffield,online_banking
TXN-e06a596c-bfe8-4b4e-9a2c-87791a7610ad,2025-04-17 15:20:55,TRANSFER,3302.12,ACC43859311,ACC20993268,15248.47,11946.35,11373.79,14675.91,0,0,travel,London,branch
TXN-c0e7c025-6a56-4361-adee-f1f9fbd3ad6a,2025-04-17 17:48:59,DEBIT,1470.41,ACC92631441,ACC64776386,14559.32,13088.91,26562.41,28032.82,0,0,restaurants,London,branch
TXN-f1261b52-356d-413f-8643-73d0522eb18b,2025-04-18 12:30:15,DEBIT,1255.91,ACC21318464,ACC77719420,19158.67,17902.76,13515.69,14771.6,0,0,entertainment,London,branch
TXN-200621b9-0817-4bd3-b2ba-aa26521427c7,2025-04-18 12:33:49,CASH_IN,3310.12,ACC17291483,ACC96202825,14547.38,17857.5,5018.5,5018.5,0,0,restaurants,Manchester,online_banking
TXN-f015890a-9a7e-4cb1-a7bc-f4d54f1d4528,2025-04-18 15:27:46,CASH_OUT,3419.38,ACC76989425,ACC47382097,11939.72,8520.34,29719.84,33139.22,0,0,restaurants,Glasgow,online_banking
TXN-d81190c6-db14-444c-abd9-04d70e1b9eaa,2025-04-18 16:50:55,PAYMENT,2143.15,ACC47469681,ACC11946674,9835.35,7692.2,29869.93,32013.08,0,0,financial_services,Edinburgh,branch
TXN-4971f318-2bf6-4629-b3fe-04c6632edf7f,2025-04-18 21:57:53,TRANSFER,6550.1,ACC50056146,ACC54440977,830.75,0.0,25614.88,32164.98,0,0,transport,London,mobile_app
TXN-b64180e1-b3c1-4a4f-923f-227b756c7ec0,2025-04-19 06:45:56,CASH_IN,4598.55,ACC19196777,ACC89864260,10669.41,15267.96,1706.39,1706.39,0,0,transport,Glasgow,card_terminal
TXN-d56c508a-ad49-439b-b9c0-39725379c1ea,2025-04-19 07:32:55,CASH_OUT,65.73,ACC92585240,ACC65650977,577.34,511.61,18763.82,18829.55,0,0,financial_services,London,online_banking
TXN-cd8f0caa-9e9d-4914-a574-4afac3de9d02,2025-04-19 11:38:09,PAYMENT,435.78,ACC99635939,ACC56630633,14296.06,13860.28,29917.87,30353.65,0,0,transport,Newcastle,branch
TXN-ebbf707f-8fa2-4856-b5a8-5b45915f625e,2025-04-19 11:46:53,CASH_OUT,2054.57,ACC17993466,ACC12941099,2696.74,642.17,21508.13,23562.7,0,0,entertainment,Cardiff,card_terminal
TXN-24142ff9-732f-4e04-a921-efd101381dbe,2025-04-19 18:30:19,CASH_OUT,3310.42,ACC88394188,ACC75631212,1159.85,0.0,23868.36,27178.78,0,0,utilities,Edinburgh,online_banking
TXN-388c977f-d440-485b-9fab-7ef78d549498,2025-04-19 19:52:09,PAYMENT,395.03,ACC49591339,ACC95100169,4475.33,4080.3,22402.62,22797.65,0,0,entertainment,Liverpool,branch
TXN-207cb976-f6ad-4b3b-bd49-6e75b0a9a4a0,2025-04-19 19:54:19,PAYMENT,753.31,ACC44933052,ACC92243262,9726.02,8972.71,5521.32,6274.63,0,0,travel,Glasgow,mobile_app
TXN-682cbfef-76cd-4ca9-bc40-ef2ecc8b3abc,2025-04-19 20:11:20,TRANSFER,2876.8,ACC43012764,ACC33963425,4457.01,1580.21,7859.97,10736.77,0,0,utilities,London,online_banking
TXN-48d80985-76b2-4f01-8590-417782cd9b43,2025-04-19 22:21:22,CASH_IN,2561.85,ACC32259144,ACC79006257,7996.02,10557.87,15065.02,15065.02,0,0,entertainment,Nottingham,card_terminal
TXN-37872615-8542-4bf4-870b-f74affda767b,2025-04-19 23:58:18,DEBIT,1502.02,ACC50486688,ACC37574457,12191.1,10689.08,23369.09,24871.11,0,0,healthcare,Cardiff,card_terminal
TXN-73fc302a-8d73-465c-ab7b-782c7b3b902e,2025-04-20 01:32:15,TRANSFER,2621.05,ACC75208604,ACC12672106,16090.41,13469.36,19760.12,22381.17,0,0,groceries,Manchester,mobile_app
TXN-6583587d-74e9-4a38-ae31-1f34758e64af,2025-04-20 03:34:33,CASH_OUT,3411.77,ACC40595926,ACC28036919,15893.68,12481.91,9328.48,12740.25,0,0,restaurants,Edinburgh,mobile_app
TXN-b82bb0ea-d681-4aad-8b07-3284bc59b9a3,2025-04-20 10:42:39,CASH_OUT,5848.13,ACC18376603,ACC59556257,12268.67,6420.54,15312.72,21160.85,0,0,healthcare,London,mobile_app
TXN-467abc8d-80a6-4a4a-9a95-1fe58e14411e,2025-04-20 12:22:52,CASH_OUT,599.19,ACC20798726,ACC71691749,19940.61,19341.42,19412.23,20011.42,0,0,restaurants,Glasgow,branch
TXN-812f823f-570e-4e70-875c-c14c2ec91a79,2025-04-20 22:00:57,DEBIT,2376.47,ACC27435856,ACC60460287,12797.85,10421.38,21242.25,23618.72,0,0,entertainment,Manchester,online_banking
TXN-f9fafccf-d1dc-4f96-92e9-a64f30529328,2025-04-21 01:27:09,DEBIT,1077.32,ACC58024342,ACC38195995,932.39,0.0,10939.55,12016.87,0,0,utilities,Glasgow,online_banking
TXN-8d217d88-802e-4651-bb17-e4678ee1f7a6,2025-04-21 01:58:20,CASH_IN,489.74,ACC97705310,ACC96728778,13213.76,13703.5,10628.93,10628.93,0,0,transport,London,online_banking
TXN-bb1be8e9-dda2-4bcc-8aed-a2024a6f9bdb,2025-04-21 05:27:52,DEBIT,114.55,ACC31759927,ACC29408873,3500.61,3386.06,10055.79,10170.34,0,0,entertainment,Edinburgh,branch
TXN-fd4eada1-6251-47e0-b630-18fb5ac6873c,2025-04-21 21:48:45,DEBIT,1885.0,ACC34150810,ACC10714575,4228.53,2343.53,19757.47,21642.47,0,0,healthcare,Nottingham,mobile_app
TXN-b8d9c511-e4d5-45a6-9ce8-99e42115f06f,2025-04-21 23:05:51,CASH_OUT,2642.56,ACC88326059,ACC87888306,5951.62,3309.06,25536.42,28178.98,0,0,transport,Nottingham,atm
TXN-45d73d2b-2343-49eb-8142-ca307ee894a0,2025-04-21 23:52:28,CASH_OUT,7545.24,ACC54550177,ACC46670512,3902.96,0.0,10709.23,18254.47,0,0,transport,Bristol,mobile_app
TXN-9030339f-fac2-4168-bfe4-e751945ed935,2025-04-22 03:10:13,CASH_IN,596.86,ACC54733393,ACC72663022,6288.53,6885.39,1320.9,1320.9,0,0,groceries,Manchester,card_terminal
TXN-e9444a1a-aaa8-4615-bdca-0d9266f56b8b,2025-04-22 05:12:56,TRANSFER,7041.85,ACC86010330,ACC98227303,6248.8,0.0,10194.74,17236.59,1,0,financial_services,Manchester,atm
TXN-65d23987-0b27-4bf6-8713-b1790dcf3df4,2025-04-22 05:29:22,TRANSFER,1242.17,ACC28436852,ACC36883353,13645.89,12403.72,15895.16,17137.33,0,0,retail,Sheffield,card_terminal
TXN-bb26e3b0-535d-4c74-a2f3-142b542083b1,2025-04-22 07:28:40,DEBIT,2059.91,ACC58538289,ACC31076551,935.19,0.0,3162.33,5222.24,0,0,restaurants,Edinburgh,mobile_app
TXN-59f89283-594e-4016-adec-869ccc7f635f,2025-04-22 08:17:11,CASH_IN,1013.87,ACC39920292,ACC13176186,18377.19,19391.06,10489.75,10489.75,0,0,utilities,Sheffield,online_banking
TXN-04380c8a-cebb-4440-809e-412e4d725b0c,2025-04-22 10:32:21,TRANSFER,9971.86,ACC15028625,ACC11243818,8000.19,0.0,14861.52,24833.38,0,0,restaurants,Cardiff,mobile_app
TXN-a6756880-9958-49eb-adf4-6d229c3f7d78,2025-04-22 16:49:51,PAYMENT,942.68,ACC99811868,ACC22549776,11445.66,10502.98,25614.88,26557.56,0,0,retail,Nottingham,atm
TXN-e6d4ddfc-982a-44f6-bde6-d0b7c7d0c539,2025-04-22 17:52:20,CASH_OUT,9744.23,ACC23769080,ACC11646234,11111.84,1367.61,20922.52,30666.75,0,0,restaurants,Nottingham,mobile_app
TXN-f1e59c1f-52ac-4da7-b55a-1b90669a44ae,2025-04-22 20:27:27,CASH_OUT,7548.26,ACC40106027,ACC96854901,742.9,0.0,24420.79,31969.05,0,0,healthcare,Sheffield,online_banking
TXN-2b7e47d1-69b0-4154-8065-4a0eb2063810,2025-04-23 03:31:01,PAYMENT,846.11,ACC99135168,ACC32532859,3923.82,3077.71,20068.48,20914.59,0,0,entertainment,London,mobile_app
TXN-8f75eefd-3b8f-47c5-a8c7-45a728faf0a9,2025-04-23 09:29:44,CASH_IN,1532.19,ACC57921617,ACC31287665,4267.72,5799.91,1411.48,1411.48,0,0,entertainment,Newcastle,branch
TXN-a4932cc9-09da-4cd9-a18c-0f37e3b4e342,2025-04-23 15:23:56,CASH_IN,3536.23,ACC32256467,ACC67293719,19485.5,23021.73,2410.45,2410.45,0,0,restaurants,Edinburgh,branch
TXN-fba226ca-c4da-4f75-9575-9a97d552322a,2025-04-23 16:33:16,CASH_OUT,297.88,ACC22103709,ACC43565477,9128.25,8830.37,26898.53,27196.41,0,0,retail,Edinburgh,branch
TXN-6544c013-49a8-45b0-b3b2-72f74bad2a3c,2025-04-23 16:56:00,PAYMENT,561.85,ACC47890586,ACC51701149,10363.91,9802.06,1377.86,1939.71,0,0,retail,Manchester,online_banking
TXN-e9525536-1f56-4f0f-bbb8-a0358867a5cc,2025-04-23 17:57:59,CASH_OUT,4613.49,ACC41927492,ACC39108314,17122.68,12509.19,16305.03,20918.52,1,0,travel,Nottingham,mobile_app
TXN-cb5c089d-3ac9-48cc-a548-1ffcf9c10f1a,2025-04-23 19:02:41,DEBIT,1866.2,ACC46819677,ACC35749878,2635.88,769.68,28006.9,29873.1,0,0,groceries,Edinburgh,online_banking
TXN-956e7739-48c6-423f-b3a5-fba3d77db4dc,2025-04-23 23:29:10,PAYMENT,1978.54,ACC78338099,ACC60233144,12336.24,10357.7,5023.01,7001.55,0,0,travel,Newcastle,branch
TXN-5019d532-4651-47b3-a7f9-73a83bc5ffb7,2025-04-24 01:13:44,TRANSFER,3561.51,ACC78633149,ACC43965629,17968.1,14406.59,24580.25,28141.76,0,0,financial_services,Liverpool,card_terminal
TXN-20269776-94bd-4a48-ac87-0e27231fd4c5,2025-04-24 02:22:03,CASH_IN,641.64,ACC27117564,ACC18321798,19493.06,20134.7,27501.43,27501.43,0,0,travel,London,card_terminal
TXN-3bc23cab-c0e2-441e-ad08-2c4206e95864,2025-04-24 02:23:21,CASH_IN,1853.37,ACC35280389,ACC71454824,13498.8,15352.17,20796.69,20796.69,0,0,transport,Manchester,card_terminal
TXN-56f80839-7536-4c11-8e54-502ed36efc2f,2025-04-24 03:13:49,TRANSFER,7466.17,ACC99929175,ACC95778910,4836.12,0.0,29471.39,36937.56,0,0,retail,Nottingham,atm
TXN-3c7c60d8-a5fc-4310-a281-0f7c007be237,2025-04-24 03:52:50,CASH_IN,754.91,ACC67062156,ACC39372360,13783.69,14538.6,26779.79,26779.79,0,0,entertainment,Edinburgh,online_banking
TXN-6792ea8b-cdf3-498d-94cf-ea15666ff259,2025-04-24 08:10:31,CASH_OUT,6817.73,ACC16303488,ACC47303539,9385.08,2567.35,10844.16,17661.89,0,0,financial_services,Newcastle,mobile_app
TXN-8d3e6627-2125-4888-8da2-08d12c44de23,2025-04-24 19:34:17,TRANSFER,9465.3,ACC28208520,ACC62163160,6156.86,0.0,14778.74,24244.04,0,0,travel,Bristol,mobile_app
TXN-9fa8dfef-898f-42c7-9c68-4dc2c40aec21,2025-04-25 01:44:46,DEBIT,1752.64,ACC32917330,ACC52680752,17321.43,15568.79,16546.27,18298.91,0,0,financial_services,Birmingham,atm
TXN-17e1692c-40ab-4905-aab2-f09d904c2ae4,2025-04-25 03:44:33,CASH_IN,4185.78,ACC62427912,ACC51382580,16249.09,20434.87,19230.37,19230.37,0,0,travel,London,mobile_app
TXN-de6adddf-bb25-4a19-8f8a-758b92c3f330,2025-04-25 09:06:18,TRANSFER,2701.71,ACC61214452,ACC11693222,7909.19,5207.48,16295.76,18997.47,0,0,transport,Edinburgh,mobile_app
TXN-d305003e-ee53-4fd6-bb4d-108b7dbd4e76,2025-04-25 10:28:27,CASH_OUT,9562.46,ACC65989834,ACC34074943,16701.44,7138.98,14176.24,23738.7,0,0,travel,Edinburgh,atm
TXN-2c0a6537-85ab-42a3-98c9-b7c7d65b7f27,2025-04-25 16:42:09,DEBIT,1969.1,ACC79277190,ACC58556533,2846.09,876.99,12864.69,14833.79,0,0,groceries,Nottingham,branch
TXN-9d8d5920-36fe-4fcf-bbf5-c6e7ddc68421,2025-04-25 17:34:33,PAYMENT,2354.88,ACC14159837,ACC67891237,19563.03,17208.15,10138.52,12493.4,0,0,entertainment,Cardiff,card_terminal
TXN-c48c3099-35df-4865-a4aa-7465594ce4ae,2025-04-25 21:14:44,CASH_OUT,2503.94,ACC63606628,ACC58586340,11271.23,8767.29,7882.25,10386.19,0,0,utilities,Birmingham,online_banking
TXN-4d4a41b4-2990-4849-a90e-2ee07229e6b9,2025-04-26 04:24:15,PAYMENT,360.44,ACC16962963,ACC37187070,17870.92,17510.48,7738.03,8098.47,0,0,utilities,Cardiff,atm
TXN-d8db711a-fc92-4ef0-9fc6-1108019892a1,2025-04-26 13:57:44,PAYMENT,1090.06,ACC47628993,ACC39578370,14343.73,13253.67,4807.06,5897.12,0,0,restaurants,Glasgow,mobile_app
TXN-041d1480-549f-4e78-aa06-e7127c4ae7b3,2025-04-26 15:05:36,CASH_OUT,8392.92,ACC14385512,ACC12084410,15923.25,7530.33,12441.5,20834.42,0,0,groceries,Birmingham,atm
TXN-0873917d-eace-4ba9-9b4f-f3a9350bae9c,2025-04-26 18:50:39,DEBIT,1783.81,ACC70597444,ACC26240908,8039.95,6256.14,20150.61,21934.42,0,0,utilities,Leeds,online_banking
TXN-4660b569-5a0a-45c0-a1d9-6ec10979a30f,2025-04-27 03:28:19,CASH_OUT,1770.38,ACC89890579,ACC96201956,16531.53,14761.15,20687.85,22458.23,0,0,restaurants,London,branch
TXN-7275a20a-8cf8-4de7-b303-f516f63ded73,2025-04-27 04:49:02,CASH_IN,119.86,ACC96888739,ACC33246598,15628.04,15747.9,23027.18,23027.18,1,0,groceries,Leeds,card_terminal
TXN-e9a223b2-804b-4576-a1ef-5fbdb78c2963,2025-04-27 05:47:45,PAYMENT,2142.66,ACC12894515,ACC83543652,14575.17,12432.51,8973.05,11115.71,0,0,financial_services,Bristol,online_banking
TXN-f30020b4-7e76-4f1d-986a-6000bb4554db,2025-04-27 08:06:55,CASH_IN,2946.64,ACC79306247,ACC64471218,17974.71,20921.35,2335.12,2335.12,0,0,retail,Bristol,atm
TXN-1e190efc-5eef-4161-b73b-aaae0e2f2ee4,2025-04-27 08:41:05,DEBIT,126.42,ACC36841625,ACC22265679,7610.17,7483.75,6052.14,6178.56,0,0,groceries,Sheffield,mobile_app
TXN-1d4f84b8-06bf-47c3-90b8-3b043a7a7d99,2025-04-27 13:15:08,TRANSFER,6223.53,ACC16920612,ACC24893677,6780.32,556.79,27967.3,34190.83,0,0,financial_services,Bristol,mobile_app
TXN-2b8e86e9-1835-4f78-879a-cc2a9dcf777b,2025-04-27 16:38:10,DEBIT,833.33,ACC12059919,ACC29348212,2097.26,1263.93,25351.18,26184.51,0,0,financial_services,Glasgow,card_terminal
TXN-41c13337-abf4-4f40-964a-e0dc958f29a1,2025-04-27 17:16:22,CASH_IN,1396.6,ACC76775311,ACC33665782,3955.01,5351.61,23898.39,23898.39,0,0,entertainment,Glasgow,online_banking
TXN-b8bfd5ea-6cbd-4ee6-aa07-34ffcc51ba7f,2025-04-27 18:33:33,CASH_IN,77.78,ACC40190270,ACC13090599,2420.89,2498.67,3661.55,3661.55,0,0,travel,Liverpool,atm
TXN-0704948b-5659-4d77-b8b2-7e5d9d24249c,2025-04-27 20:24:05,TRANSFER,5527.43,ACC56619122,ACC59125302,5125.26,0.0,26312.26,31839.69,0,0,travel,Glasgow,branch
TXN-58114f3c-0858-4816-815b-5e11b6c599cc,2025-04-28 00:08:04,CASH_OUT,1093.24,ACC95733862,ACC39933920,17534.5,16441.26,27316.29,28409.53,0,0,utilities,Nottingham,online_banking
TXN-2d14bcc3-5ec9-40e0-bfa5-5b0e20c3c458,2025-04-28 02:02:08,TRANSFER,1046.34,ACC39448924,ACC87268086,13171.6,12125.26,7995.81,9042.15,0,0,financial_services,Bristol,online_banking
TXN-d94e17e9-f974-4e62-8ff8-aa05ac6fc58c,2025-04-28 03:07:33,DEBIT,381.11,ACC25578562,ACC29015320,19954.28,19573.17,14483.13,14864.24,0,0,retail,Liverpool,card_terminal
TXN-32dfa78e-4990-4e78-b7cf-d3e79646fe06,2025-04-28 10:17:59,TRANSFER,9910.31,ACC61998170,ACC64864099,10528.96,618.65,18294.16,28204.47,0,0,retail,Glasgow,branch
TXN-856320ec-2c56-480b-9cbb-68902e792e47,2025-04-28 14:00:29,TRANSFER,2305.42,ACC25087236,ACC76011040,7769.12,5463.7,10599.3,12904.72,0,0,entertainment,Manchester,mobile_app
TXN-220a633f-1d27-4d54-972a-89f9bb28d536,2025-04-28 14:27:08,CASH_IN,4502.63,ACC68131630,ACC36772544,9350.57,13853.2,2574.68,2574.68,0,0,financial_services,Bristol,card_terminal
TXN-7484e230-7788-4b04-a348-44aad833fe00,2025-04-28 20:11:22,TRANSFER,3509.26,ACC31520928,ACC19244458,14674.81,11165.55,8259.73,11768.99,0,0,healthcare,Birmingham,card_terminal
TXN-3b259636-068d-4885-849e-ecad7de11ff6,2025-04-29 00:04:28,TRANSFER,9591.98,ACC91709974,ACC73958633,6636.3,0.0,27420.55,37012.53,0,0,groceries,London,branch
TXN-9e07e210-610e-4a3d-a956-b33c79fe2b8c,2025-04-29 04:50:28,PAYMENT,599.35,ACC46297151,ACC16914893,877.9,278.55,4444.18,5043.53,0,0,utilities,Leeds,card_terminal
TXN-30ff9f97-58f2-487c-b5bc-a8c8d523866d,2025-04-29 05:00:56,CASH_OUT,6894.82,ACC88309763,ACC71833270,15853.39,8958.57,11386.69,18281.51,0,0,transport,Birmingham,atm
TXN-ff9919ff-8942-4f19-a922-cac9eb278116,2025-04-29 05:06:48,CASH_IN,4930.99,ACC26638464,ACC86334111,19571.83,24502.82,22894.39,22894.39,0,0,travel,London,atm
TXN-bb2c921d-5759-4cee-bc0d-ca6f0da09693,2025-04-29 09:15:03,CASH_IN,3049.9,ACC58319528,ACC70720566,11306.58,14356.48,6417.84,6417.84,0,0,travel,Sheffield,atm
TXN-93e22ed4-d7ec-4850-b1c0-3f2368c6e94e,2025-04-29 09:49:30,CASH_IN,835.66,ACC65437830,ACC39870720,4602.83,5438.49,12257.67,12257.67,0,0,utilities,Leeds,online_banking
TXN-fbdeb6aa-ed87-46b3-af4c-8845a1221dbc,2025-04-29 11:19:20,TRANSFER,6694.47,ACC25759274,ACC95726382,9361.36,2666.89,4791.5,11485.97,0,0,restaurants,Bristol,mobile_app
TXN-3b3f37d4-184c-438b-bfe1-fa5c75cdde33,2025-04-29 13:46:55,CASH_OUT,6057.07,ACC20576383,ACC84093639,16161.85,10104.78,21891.95,27949.02,0,0,restaurants,Glasgow,atm
TXN-2b85f31d-78a8-4dbf-98f0-505e3ea9f4fb,2025-04-29 13:53:34,TRANSFER,7853.86,ACC62016704,ACC65910573,15996.55,8142.69,8629.16,16483.02,0,0,retail,Newcastle,card_terminal
TXN-e0d3a4f7-3d9b-4dd5-ab02-423329ba086b,2025-04-29 14:09:27,CASH_IN,1637.94,ACC27638581,ACC24728084,15311.41,16949.35,26453.0,26453.0,0,0,transport,London,online_banking
TXN-58db11f8-940b-46bb-866e-8fe2c1173f29,2025-04-29 19:18:34,DEBIT,501.28,ACC10076758,ACC90388981,7540.89,7039.61,4846.47,5347.75,0,0,retail,Nottingham,card_terminal
TXN-e98299e5-8700-4d89-a0d0-f46c0a4b0cf9,2025-04-29 19:23:18,PAYMENT,1162.72,ACC41361490,ACC60975999,9577.02,8414.3,14287.99,15450.71,0,0,financial_services,Nottingham,online_banking
TXN-f29cbd10-c7ac-4d6e-b69c-e1e4bc34e69e,2025-04-29 20:31:14,DEBIT,432.15,ACC15529005,ACC13808225,12527.14,12094.99,27060.03,27492.18,0,0,transport,London,online_banking
TXN-1f9c7e1e-041b-43c3-aab3-642028c58796,2025-04-30 08:12:32,DEBIT,2079.32,ACC56442431,ACC79645282,10410.23,8330.91,9123.74,11203.06,0,0,restaurants,Manchester,mobile_app
TXN-65e833c9-b9c1-4d0b-ba4e-eabc2b6194fe,2025-04-30 11:17:22,CASH_IN,1481.34,ACC79173614,ACC63448727,971.74,2453.08,5984.1,5984.1,0,0,healthcare,Nottingham,mobile_app
TXN-5a5f7ff1-b35d-4783-a55e-176a807cab4d,2025-04-30 17:20:06,DEBIT,1003.41,ACC98360765,ACC23482938,12290.59,11287.18,2441.08,3444.49,0,0,financial_services,Liverpool,branch
TXN-39073b6b-b85c-4167-a1e0-a09a8109bf8c,2025-04-30 22:19:16,CASH_OUT,5217.36,ACC52752377,ACC31810655,3063.92,0.0,26793.95,32011.31,0,0,financial_services,Cardiff,branch
TXN-5b6d313b-e440-41d5-8f9e-a357b7b1413b,2025-04-30 23:11:12,PAYMENT,2200.93,ACC46748299,ACC30395330,8339.4,6138.47,12337.55,14538.48,0,0,utilities,Manchester,atm
TXN-231a8748-1161-47d5-abf7-3d036f4ecc00,2025-04-30 23:13:34,DEBIT,536.32,ACC81500378,ACC92466364,19246.13,18709.81,22266.24,22802.56,0,0,financial_services,Cardiff,branch
TXN-e556bfe5-c427-40bb-a79f-5d842d81c463,2025-05-01 08:19:44,CASH_IN,3996.38,ACC50961563,ACC95313518,10094.36,14090.74,8274.69,8274.69,0,0,transport,Liverpool,atm
TXN-a8092b79-ccc4-4e9d-bc2a-2b366b2f46f3,2025-05-01 10:50:08,CASH_OUT,4867.59,ACC48789478,ACC37820354,19151.01,14283.42,8370.19,13237.78,0,0,travel,Bristol,card_terminal
TXN-fb63e8b0-bd5d-4426-adab-89f57d3114b0,2025-05-01 14:24:11,TRANSFER,8472.48,ACC88653825,ACC23560308,17227.32,8754.84,28816.76,37289.24,0,0,retail,Liverpool,mobile_app
TXN-117af42a-fd05-4e12-a7d5-3006cb7e5f00,2025-05-01 15:11:59,DEBIT,1777.33,ACC81659221,ACC48376603,15239.42,13462.09,16868.41,18645.74,0,0,financial_services,London,atm
TXN-9756893d-48ea-48f0-8993-bc53ba7b2541,2025-05-01 18:47:32,CASH_IN,1565.59,ACC27812995,ACC37539747,6614.03,8179.62,23084.44,23084.44,0,0,groceries,Nottingham,card_terminal
